key_locality_sub_;Étiquettes de lignes;locality;Min. de prix_m2_2;Moyenne de prix_m2;Max. de prix_m2;
APARTMENTAalst;APARTMENT;Aalst;539;3153;4624;
APARTMENT_BLOCKAalst;APARTMENT_BLOCK;Aalst;1030;2070;3084;
DUPLEX-TRIPLEXAalst;DUPLEX-TRIPLEX;Aalst;507;2377;5507;
FLAT_STUDIOAalst;FLAT_STUDIO;Aalst;4066;4280;4501;
GROUND_FLOORAalst;GROUND_FLOOR;Aalst;1736;2884;4500;
HOUSEAalst;HOUSE;Aalst;658;2142;4082;
LOFTAalst;LOFT;Aalst;1919;3043;3561;
MANSIONAalst;MANSION;Aalst;1322;1322;1322;
MIXED_USE_BUILDINGAalst;MIXED_USE_BUILDING;Aalst;854;1407;2129;
PENTHOUSEAalst;PENTHOUSE;Aalst;2905;3649;4500;
SERVICE_FLATAalst;SERVICE_FLAT;Aalst;2647;3069;3425;
VILLAAalst;VILLA;Aalst;1887;2515;3028;
APARTMENTAntwerp;APARTMENT;Antwerp;1357;3370;12447;
APARTMENT_BLOCKAntwerp;APARTMENT_BLOCK;Antwerp;945;2645;14545;
DUPLEX-TRIPLEXAntwerp;DUPLEX-TRIPLEX;Antwerp;1424;3720;11960;
EXCEPTIONAL_PROPERTYAntwerp;EXCEPTIONAL_PROPERTY;Antwerp;1574;3426;6997;
FLAT_STUDIOAntwerp;FLAT_STUDIO;Antwerp;1759;4201;10904;
GROUND_FLOORAntwerp;GROUND_FLOOR;Antwerp;956;3242;5271;
HOUSEAntwerp;HOUSE;Antwerp;590;2460;7194;
KOTAntwerp;KOT;Antwerp;3028;7599;12333;
LOFTAntwerp;LOFT;Antwerp;2226;4524;8832;
MANSIONAntwerp;MANSION;Antwerp;1266;2681;5139;
MIXED_USE_BUILDINGAntwerp;MIXED_USE_BUILDING;Antwerp;708;2262;7815;
PENTHOUSEAntwerp;PENTHOUSE;Antwerp;1289;4786;12573;
SERVICE_FLATAntwerp;SERVICE_FLAT;Antwerp;2588;3779;6154;
TOWN_HOUSEAntwerp;TOWN_HOUSE;Antwerp;1255;2245;2939;
VILLAAntwerp;VILLA;Antwerp;687;3480;8706;
APARTMENTArlon;APARTMENT;Arlon;611;3298;5453;
APARTMENT_BLOCKArlon;APARTMENT_BLOCK;Arlon;689;1911;2512;
DUPLEX-TRIPLEXArlon;DUPLEX-TRIPLEX;Arlon;1975;2559;3143;
EXCEPTIONAL_PROPERTYArlon;EXCEPTIONAL_PROPERTY;Arlon;1697;2036;2289;
FLAT_STUDIOArlon;FLAT_STUDIO;Arlon;3822;4062;4256;
GROUND_FLOORArlon;GROUND_FLOOR;Arlon;2871;3245;4133;
HOUSEArlon;HOUSE;Arlon;407;2152;5129;
MANSIONArlon;MANSION;Arlon;1563;2083;2642;
MIXED_USE_BUILDINGArlon;MIXED_USE_BUILDING;Arlon;625;1674;2530;
PENTHOUSEArlon;PENTHOUSE;Arlon;2810;2810;2810;
TOWN_HOUSEArlon;TOWN_HOUSE;Arlon;2692;2692;2692;
VILLAArlon;VILLA;Arlon;1276;2206;2902;
APARTMENTAth;APARTMENT;Ath;1171;2607;3841;
APARTMENT_BLOCKAth;APARTMENT_BLOCK;Ath;1043;1741;2438;
DUPLEX-TRIPLEXAth;DUPLEX-TRIPLEX;Ath;1875;2135;2654;
EXCEPTIONAL_PROPERTYAth;EXCEPTIONAL_PROPERTY;Ath;1316;1570;1716;
GROUND_FLOORAth;GROUND_FLOOR;Ath;1284;2391;3429;
HOUSEAth;HOUSE;Ath;416;1822;6000;
LOFTAth;LOFT;Ath;2525;2651;2778;
MANSIONAth;MANSION;Ath;1179;1679;2180;
MIXED_USE_BUILDINGAth;MIXED_USE_BUILDING;Ath;1108;1565;2438;
PENTHOUSEAth;PENTHOUSE;Ath;2098;2601;3831;
TOWN_HOUSEAth;TOWN_HOUSE;Ath;1167;1341;1515;
VILLAAth;VILLA;Ath;850;1998;4198;
APARTMENTBrugge;APARTMENT;Brugge;967;7146;21250;
APARTMENT_BLOCKBrugge;APARTMENT_BLOCK;Brugge;1438;3242;5859;
DUPLEX-TRIPLEXBrugge;DUPLEX-TRIPLEX;Brugge;668;8547;21184;
EXCEPTIONAL_PROPERTYBrugge;EXCEPTIONAL_PROPERTY;Brugge;684;6360;14865;
FLAT_STUDIOBrugge;FLAT_STUDIO;Brugge;2105;6340;12344;
GROUND_FLOORBrugge;GROUND_FLOOR;Brugge;613;4467;20704;
HOUSEBrugge;HOUSE;Brugge;490;3478;20242;
KOTBrugge;KOT;Brugge;3667;6165;9167;
LOFTBrugge;LOFT;Brugge;3231;3464;3696;
MANSIONBrugge;MANSION;Brugge;538;2720;5335;
MIXED_USE_BUILDINGBrugge;MIXED_USE_BUILDING;Brugge;997;2486;7813;
PENTHOUSEBrugge;PENTHOUSE;Brugge;2494;8195;20905;
SERVICE_FLATBrugge;SERVICE_FLAT;Brugge;1909;4302;8594;
TOWN_HOUSEBrugge;TOWN_HOUSE;Brugge;1151;2713;8386;
VILLABrugge;VILLA;Brugge;429;7819;20242;
APARTMENTBrussels;APARTMENT;Brussels;1409;3812;10898;
APARTMENT_BLOCKBrussels;APARTMENT_BLOCK;Brussels;653;2688;19091;
DUPLEX-TRIPLEXBrussels;DUPLEX-TRIPLEX;Brussels;1233;3541;8433;
EXCEPTIONAL_PROPERTYBrussels;EXCEPTIONAL_PROPERTY;Brussels;829;4303;10115;
FLAT_STUDIOBrussels;FLAT_STUDIO;Brussels;2000;5262;9604;
GROUND_FLOORBrussels;GROUND_FLOOR;Brussels;1357;3811;8919;
HOUSEBrussels;HOUSE;Brussels;588;3053;9589;
KOTBrussels;KOT;Brussels;4161;7040;10212;
LOFTBrussels;LOFT;Brussels;797;3396;7232;
MANSIONBrussels;MANSION;Brussels;818;3373;8947;
MIXED_USE_BUILDINGBrussels;MIXED_USE_BUILDING;Brussels;468;2490;6250;
PENTHOUSEBrussels;PENTHOUSE;Brussels;1688;4969;13448;
SERVICE_FLATBrussels;SERVICE_FLAT;Brussels;3171;4479;6571;
TOWN_HOUSEBrussels;TOWN_HOUSE;Brussels;1338;2860;5078;
VILLABrussels;VILLA;Brussels;1508;4641;9833;
APARTMENTCharleroi;APARTMENT;Charleroi;460;2427;6122;
APARTMENT_BLOCKCharleroi;APARTMENT_BLOCK;Charleroi;460;1236;3232;
DUPLEX-TRIPLEXCharleroi;DUPLEX-TRIPLEX;Charleroi;1055;2259;3660;
EXCEPTIONAL_PROPERTYCharleroi;EXCEPTIONAL_PROPERTY;Charleroi;400;2041;8250;
FLAT_STUDIOCharleroi;FLAT_STUDIO;Charleroi;1717;3298;4323;
GROUND_FLOORCharleroi;GROUND_FLOOR;Charleroi;692;2059;2887;
HOUSECharleroi;HOUSE;Charleroi;410;1344;3656;
LOFTCharleroi;LOFT;Charleroi;1681;1681;1681;
MANSIONCharleroi;MANSION;Charleroi;525;1192;2477;
MIXED_USE_BUILDINGCharleroi;MIXED_USE_BUILDING;Charleroi;455;1170;3833;
PENTHOUSECharleroi;PENTHOUSE;Charleroi;1619;2317;2917;
TOWN_HOUSECharleroi;TOWN_HOUSE;Charleroi;758;1352;2390;
VILLACharleroi;VILLA;Charleroi;761;2039;5507;
APARTMENTDendermonde;APARTMENT;Dendermonde;901;3126;15306;
APARTMENT_BLOCKDendermonde;APARTMENT_BLOCK;Dendermonde;1023;1905;2949;
DUPLEX-TRIPLEXDendermonde;DUPLEX-TRIPLEX;Dendermonde;1887;2745;3688;
EXCEPTIONAL_PROPERTYDendermonde;EXCEPTIONAL_PROPERTY;Dendermonde;1675;2114;2821;
FLAT_STUDIODendermonde;FLAT_STUDIO;Dendermonde;1857;1857;1857;
GROUND_FLOORDendermonde;GROUND_FLOOR;Dendermonde;1638;3448;6557;
HOUSEDendermonde;HOUSE;Dendermonde;584;2307;9497;
MANSIONDendermonde;MANSION;Dendermonde;1077;1680;2868;
MIXED_USE_BUILDINGDendermonde;MIXED_USE_BUILDING;Dendermonde;727;1688;4809;
PENTHOUSEDendermonde;PENTHOUSE;Dendermonde;1838;3553;4852;
SERVICE_FLATDendermonde;SERVICE_FLAT;Dendermonde;3866;4619;5280;
TOWN_HOUSEDendermonde;TOWN_HOUSE;Dendermonde;980;1345;2000;
VILLADendermonde;VILLA;Dendermonde;929;2481;4781;
APARTMENTDiksmuide;APARTMENT;Diksmuide;1339;2787;4038;
APARTMENT_BLOCKDiksmuide;APARTMENT_BLOCK;Diksmuide;1354;1354;1354;
EXCEPTIONAL_PROPERTYDiksmuide;EXCEPTIONAL_PROPERTY;Diksmuide;2740;2740;2740;
GROUND_FLOORDiksmuide;GROUND_FLOOR;Diksmuide;1618;2524;2868;
HOUSEDiksmuide;HOUSE;Diksmuide;534;2023;4380;
MANSIONDiksmuide;MANSION;Diksmuide;3300;3300;3300;
MIXED_USE_BUILDINGDiksmuide;MIXED_USE_BUILDING;Diksmuide;645;645;645;
PENTHOUSEDiksmuide;PENTHOUSE;Diksmuide;1339;2403;3467;
VILLADiksmuide;VILLA;Diksmuide;1312;2236;2985;
APARTMENTDinant;APARTMENT;Dinant;427;2769;4452;
APARTMENT_BLOCKDinant;APARTMENT_BLOCK;Dinant;427;1218;1997;
DUPLEX-TRIPLEXDinant;DUPLEX-TRIPLEX;Dinant;1619;2048;2457;
EXCEPTIONAL_PROPERTYDinant;EXCEPTIONAL_PROPERTY;Dinant;841;1747;3167;
FLAT_STUDIODinant;FLAT_STUDIO;Dinant;2498;2664;2829;
GROUND_FLOORDinant;GROUND_FLOOR;Dinant;1792;2406;2872;
HOUSEDinant;HOUSE;Dinant;445;1705;4439;
MANSIONDinant;MANSION;Dinant;783;1336;1890;
MIXED_USE_BUILDINGDinant;MIXED_USE_BUILDING;Dinant;467;1136;2534;
PENTHOUSEDinant;PENTHOUSE;Dinant;2370;2370;2370;
TOWN_HOUSEDinant;TOWN_HOUSE;Dinant;1100;1202;1305;
VILLADinant;VILLA;Dinant;682;1975;4439;
APARTMENTGent;APARTMENT;Gent;1300;3966;15909;
APARTMENT_BLOCKGent;APARTMENT_BLOCK;Gent;1500;3269;6612;
DUPLEX-TRIPLEXGent;DUPLEX-TRIPLEX;Gent;1552;3724;9407;
EXCEPTIONAL_PROPERTYGent;EXCEPTIONAL_PROPERTY;Gent;1054;3632;8506;
FLAT_STUDIOGent;FLAT_STUDIO;Gent;2927;5379;9476;
GROUND_FLOORGent;GROUND_FLOOR;Gent;1382;3620;7036;
HOUSEGent;HOUSE;Gent;472;2654;10984;
LOFTGent;LOFT;Gent;2944;5155;8709;
MANSIONGent;MANSION;Gent;1021;3004;5669;
MIXED_USE_BUILDINGGent;MIXED_USE_BUILDING;Gent;937;2330;6707;
PENTHOUSEGent;PENTHOUSE;Gent;1149;4622;8959;
SERVICE_FLATGent;SERVICE_FLAT;Gent;1259;3371;5123;
TOWN_HOUSEGent;TOWN_HOUSE;Gent;1306;2624;3718;
VILLAGent;VILLA;Gent;1432;3016;8849;
APARTMENTHalle-Vilvoorde;APARTMENT;Halle-Vilvoorde;1121;3339;8939;
APARTMENT_BLOCKHalle-Vilvoorde;APARTMENT_BLOCK;Halle-Vilvoorde;1060;2490;6829;
DUPLEX-TRIPLEXHalle-Vilvoorde;DUPLEX-TRIPLEX;Halle-Vilvoorde;1613;2965;4630;
EXCEPTIONAL_PROPERTYHalle-Vilvoorde;EXCEPTIONAL_PROPERTY;Halle-Vilvoorde;1012;2970;6250;
FLAT_STUDIOHalle-Vilvoorde;FLAT_STUDIO;Halle-Vilvoorde;1422;3965;6829;
GROUND_FLOORHalle-Vilvoorde;GROUND_FLOOR;Halle-Vilvoorde;1842;3634;7963;
HOUSEHalle-Vilvoorde;HOUSE;Halle-Vilvoorde;743;2655;9133;
LOFTHalle-Vilvoorde;LOFT;Halle-Vilvoorde;693;2580;4534;
MANSIONHalle-Vilvoorde;MANSION;Halle-Vilvoorde;1375;2505;3886;
MIXED_USE_BUILDINGHalle-Vilvoorde;MIXED_USE_BUILDING;Halle-Vilvoorde;562;2133;6250;
PENTHOUSEHalle-Vilvoorde;PENTHOUSE;Halle-Vilvoorde;2190;4239;8670;
SERVICE_FLATHalle-Vilvoorde;SERVICE_FLAT;Halle-Vilvoorde;2167;3421;5331;
TOWN_HOUSEHalle-Vilvoorde;TOWN_HOUSE;Halle-Vilvoorde;874;2440;3950;
VILLAHalle-Vilvoorde;VILLA;Halle-Vilvoorde;1467;3014;8088;
APARTMENTHasselt;APARTMENT;Hasselt;729;3069;7490;
APARTMENT_BLOCKHasselt;APARTMENT_BLOCK;Hasselt;850;1962;3210;
DUPLEX-TRIPLEXHasselt;DUPLEX-TRIPLEX;Hasselt;1620;2640;5878;
EXCEPTIONAL_PROPERTYHasselt;EXCEPTIONAL_PROPERTY;Hasselt;1043;3051;4566;
FLAT_STUDIOHasselt;FLAT_STUDIO;Hasselt;1400;3219;6200;
GROUND_FLOORHasselt;GROUND_FLOOR;Hasselt;1400;2992;4080;
HOUSEHasselt;HOUSE;Hasselt;407;2012;7247;
KOTHasselt;KOT;Hasselt;6852;6852;6852;
LOFTHasselt;LOFT;Hasselt;3333;3959;4411;
MANSIONHasselt;MANSION;Hasselt;1503;2208;2865;
MIXED_USE_BUILDINGHasselt;MIXED_USE_BUILDING;Hasselt;608;1877;3474;
PENTHOUSEHasselt;PENTHOUSE;Hasselt;1810;3639;5937;
SERVICE_FLATHasselt;SERVICE_FLAT;Hasselt;2403;3995;5179;
TOWN_HOUSEHasselt;TOWN_HOUSE;Hasselt;2056;2892;3507;
VILLAHasselt;VILLA;Hasselt;982;2363;4091;
APARTMENTHuy;APARTMENT;Huy;1082;2381;3800;
APARTMENT_BLOCKHuy;APARTMENT_BLOCK;Huy;417;1333;2303;
DUPLEX-TRIPLEXHuy;DUPLEX-TRIPLEX;Huy;477;1988;2600;
EXCEPTIONAL_PROPERTYHuy;EXCEPTIONAL_PROPERTY;Huy;1797;2188;2650;
FLAT_STUDIOHuy;FLAT_STUDIO;Huy;2472;2622;2755;
GROUND_FLOORHuy;GROUND_FLOOR;Huy;2450;2450;2450;
HOUSEHuy;HOUSE;Huy;533;1739;8429;
MIXED_USE_BUILDINGHuy;MIXED_USE_BUILDING;Huy;542;1623;5824;
PENTHOUSEHuy;PENTHOUSE;Huy;2500;2877;3255;
TOWN_HOUSEHuy;TOWN_HOUSE;Huy;1331;1671;2343;
VILLAHuy;VILLA;Huy;1360;2483;5118;
APARTMENTKortrijk;APARTMENT;Kortrijk;541;3060;9477;
APARTMENT_BLOCKKortrijk;APARTMENT_BLOCK;Kortrijk;647;1244;1888;
DUPLEX-TRIPLEXKortrijk;DUPLEX-TRIPLEX;Kortrijk;1414;2275;3244;
EXCEPTIONAL_PROPERTYKortrijk;EXCEPTIONAL_PROPERTY;Kortrijk;1006;2642;4626;
FLAT_STUDIOKortrijk;FLAT_STUDIO;Kortrijk;2643;2889;3135;
GROUND_FLOORKortrijk;GROUND_FLOOR;Kortrijk;1429;3171;4333;
HOUSEKortrijk;HOUSE;Kortrijk;483;2025;13462;
KOTKortrijk;KOT;Kortrijk;5500;5550;5600;
LOFTKortrijk;LOFT;Kortrijk;1610;2856;3767;
MANSIONKortrijk;MANSION;Kortrijk;606;1708;2650;
MIXED_USE_BUILDINGKortrijk;MIXED_USE_BUILDING;Kortrijk;419;1691;3278;
PENTHOUSEKortrijk;PENTHOUSE;Kortrijk;1833;4008;8298;
SERVICE_FLATKortrijk;SERVICE_FLAT;Kortrijk;2733;3730;4363;
TOWN_HOUSEKortrijk;TOWN_HOUSE;Kortrijk;2993;2993;2993;
VILLAKortrijk;VILLA;Kortrijk;624;2460;5079;
APARTMENTLeuven;APARTMENT;Leuven;1058;3956;15750;
APARTMENT_BLOCKLeuven;APARTMENT_BLOCK;Leuven;1175;3824;7741;
DUPLEX-TRIPLEXLeuven;DUPLEX-TRIPLEX;Leuven;1679;3767;10000;
EXCEPTIONAL_PROPERTYLeuven;EXCEPTIONAL_PROPERTY;Leuven;1083;2832;6066;
FLAT_STUDIOLeuven;FLAT_STUDIO;Leuven;2661;8530;14444;
GROUND_FLOORLeuven;GROUND_FLOOR;Leuven;1854;3437;7225;
HOUSELeuven;HOUSE;Leuven;466;2441;12679;
KOTLeuven;KOT;Leuven;6824;12705;17500;
LOFTLeuven;LOFT;Leuven;2488;3281;4350;
MANSIONLeuven;MANSION;Leuven;1016;2428;4950;
MIXED_USE_BUILDINGLeuven;MIXED_USE_BUILDING;Leuven;452;2380;5471;
PENTHOUSELeuven;PENTHOUSE;Leuven;2825;4520;8212;
SERVICE_FLATLeuven;SERVICE_FLAT;Leuven;2008;3691;5311;
TOWN_HOUSELeuven;TOWN_HOUSE;Leuven;1285;2588;3762;
VILLALeuven;VILLA;Leuven;913;2743;6404;
APARTMENTLiège;APARTMENT;Liège;447;2796;7353;
APARTMENT_BLOCKLiège;APARTMENT_BLOCK;Liège;449;1697;15942;
DUPLEX-TRIPLEXLiège;DUPLEX-TRIPLEX;Liège;912;2056;3661;
EXCEPTIONAL_PROPERTYLiège;EXCEPTIONAL_PROPERTY;Liège;973;1970;3784;
FLAT_STUDIOLiège;FLAT_STUDIO;Liège;1646;3267;5294;
GROUND_FLOORLiège;GROUND_FLOOR;Liège;1200;2906;4467;
HOUSELiège;HOUSE;Liège;424;1742;5094;
LOFTLiège;LOFT;Liège;447;2596;3738;
MANSIONLiège;MANSION;Liège;850;1473;2238;
MIXED_USE_BUILDINGLiège;MIXED_USE_BUILDING;Liège;464;1568;6250;
PENTHOUSELiège;PENTHOUSE;Liège;1451;3187;5258;
SERVICE_FLATLiège;SERVICE_FLAT;Liège;4310;4310;4310;
TOWN_HOUSELiège;TOWN_HOUSE;Liège;782;1820;3155;
VILLALiège;VILLA;Liège;625;2332;4411;
APARTMENTMaaseik;APARTMENT;Maaseik;1063;2803;3701;
APARTMENT_BLOCKMaaseik;APARTMENT_BLOCK;Maaseik;535;1816;3562;
DUPLEX-TRIPLEXMaaseik;DUPLEX-TRIPLEX;Maaseik;1358;2471;3380;
EXCEPTIONAL_PROPERTYMaaseik;EXCEPTIONAL_PROPERTY;Maaseik;1931;2499;3068;
FLAT_STUDIOMaaseik;FLAT_STUDIO;Maaseik;3078;3290;3469;
GROUND_FLOORMaaseik;GROUND_FLOOR;Maaseik;1762;2742;3594;
HOUSEMaaseik;HOUSE;Maaseik;495;2053;8355;
LOFTMaaseik;LOFT;Maaseik;1985;3281;4577;
MIXED_USE_BUILDINGMaaseik;MIXED_USE_BUILDING;Maaseik;771;1769;3267;
PENTHOUSEMaaseik;PENTHOUSE;Maaseik;2196;3138;4337;
SERVICE_FLATMaaseik;SERVICE_FLAT;Maaseik;3305;3538;3740;
VILLAMaaseik;VILLA;Maaseik;1106;2294;3597;
APARTMENTMarche-en-Famenne;APARTMENT;Marche-en-Famenne;1313;3028;10455;
APARTMENT_BLOCKMarche-en-Famenne;APARTMENT_BLOCK;Marche-en-Famenne;427;1362;3694;
DUPLEX-TRIPLEXMarche-en-Famenne;DUPLEX-TRIPLEX;Marche-en-Famenne;1612;1912;2233;
EXCEPTIONAL_PROPERTYMarche-en-Famenne;EXCEPTIONAL_PROPERTY;Marche-en-Famenne;907;2291;3251;
GROUND_FLOORMarche-en-Famenne;GROUND_FLOOR;Marche-en-Famenne;2087;2888;3122;
HOUSEMarche-en-Famenne;HOUSE;Marche-en-Famenne;524;1951;5369;
LOFTMarche-en-Famenne;LOFT;Marche-en-Famenne;1313;1313;1313;
MIXED_USE_BUILDINGMarche-en-Famenne;MIXED_USE_BUILDING;Marche-en-Famenne;564;1099;1976;
PENTHOUSEMarche-en-Famenne;PENTHOUSE;Marche-en-Famenne;2839;4615;10455;
VILLAMarche-en-Famenne;VILLA;Marche-en-Famenne;810;2565;6071;
APARTMENTMechelen;APARTMENT;Mechelen;912;3346;5975;
APARTMENT_BLOCKMechelen;APARTMENT_BLOCK;Mechelen;1412;2964;7874;
DUPLEX-TRIPLEXMechelen;DUPLEX-TRIPLEX;Mechelen;1500;3265;6967;
EXCEPTIONAL_PROPERTYMechelen;EXCEPTIONAL_PROPERTY;Mechelen;1180;3185;5529;
FLAT_STUDIOMechelen;FLAT_STUDIO;Mechelen;3617;3869;4122;
GROUND_FLOORMechelen;GROUND_FLOOR;Mechelen;1826;3208;4412;
HOUSEMechelen;HOUSE;Mechelen;447;2399;6505;
KOTMechelen;KOT;Mechelen;5917;5932;5947;
LOFTMechelen;LOFT;Mechelen;1750;3164;3935;
MANSIONMechelen;MANSION;Mechelen;735;1989;3797;
MIXED_USE_BUILDINGMechelen;MIXED_USE_BUILDING;Mechelen;836;2044;3734;
PENTHOUSEMechelen;PENTHOUSE;Mechelen;1895;3664;6971;
SERVICE_FLATMechelen;SERVICE_FLAT;Mechelen;2075;3701;4693;
TOWN_HOUSEMechelen;TOWN_HOUSE;Mechelen;1344;2323;3506;
VILLAMechelen;VILLA;Mechelen;1512;2741;6618;
APARTMENTMons;APARTMENT;Mons;748;2491;4070;
APARTMENT_BLOCKMons;APARTMENT_BLOCK;Mons;560;1598;5244;
DUPLEX-TRIPLEXMons;DUPLEX-TRIPLEX;Mons;717;1577;2689;
EXCEPTIONAL_PROPERTYMons;EXCEPTIONAL_PROPERTY;Mons;995;1675;3000;
FLAT_STUDIOMons;FLAT_STUDIO;Mons;2472;2965;3462;
GROUND_FLOORMons;GROUND_FLOOR;Mons;1355;2772;3700;
HOUSEMons;HOUSE;Mons;409;1385;4311;
LOFTMons;LOFT;Mons;471;1728;3398;
MANSIONMons;MANSION;Mons;1023;1182;1636;
MIXED_USE_BUILDINGMons;MIXED_USE_BUILDING;Mons;438;1195;2522;
PENTHOUSEMons;PENTHOUSE;Mons;1729;3097;4181;
TOWN_HOUSEMons;TOWN_HOUSE;Mons;724;1405;2492;
VILLAMons;VILLA;Mons;448;1917;4198;
APARTMENTMouscron;APARTMENT;Mouscron;755;2438;3534;
APARTMENT_BLOCKMouscron;APARTMENT_BLOCK;Mouscron;500;1222;2031;
DUPLEX-TRIPLEXMouscron;DUPLEX-TRIPLEX;Mouscron;1174;1720;2567;
EXCEPTIONAL_PROPERTYMouscron;EXCEPTIONAL_PROPERTY;Mouscron;1807;2269;2731;
GROUND_FLOORMouscron;GROUND_FLOOR;Mouscron;1211;2085;2649;
HOUSEMouscron;HOUSE;Mouscron;500;1619;6637;
LOFTMouscron;LOFT;Mouscron;823;2180;2467;
MANSIONMouscron;MANSION;Mouscron;1509;1509;1509;
MIXED_USE_BUILDINGMouscron;MIXED_USE_BUILDING;Mouscron;686;1009;1521;
SERVICE_FLATMouscron;SERVICE_FLAT;Mouscron;4669;4839;4955;
VILLAMouscron;VILLA;Mouscron;1280;2383;6637;
APARTMENTNamur;APARTMENT;Namur;673;3041;4971;
APARTMENT_BLOCKNamur;APARTMENT_BLOCK;Namur;583;1894;8667;
DUPLEX-TRIPLEXNamur;DUPLEX-TRIPLEX;Namur;1108;2382;4527;
EXCEPTIONAL_PROPERTYNamur;EXCEPTIONAL_PROPERTY;Namur;529;2512;9592;
FLAT_STUDIONamur;FLAT_STUDIO;Namur;1917;3641;5400;
GROUND_FLOORNamur;GROUND_FLOOR;Namur;1522;3097;4300;
HOUSENamur;HOUSE;Namur;423;1898;5000;
LOFTNamur;LOFT;Namur;615;615;615;
MANSIONNamur;MANSION;Namur;600;1589;3333;
MIXED_USE_BUILDINGNamur;MIXED_USE_BUILDING;Namur;529;1636;3602;
PENTHOUSENamur;PENTHOUSE;Namur;1217;3699;5879;
SERVICE_FLATNamur;SERVICE_FLAT;Namur;1915;1915;1915;
TOWN_HOUSENamur;TOWN_HOUSE;Namur;1577;2058;2450;
VILLANamur;VILLA;Namur;667;2185;4064;
APARTMENTNeufchâteau;APARTMENT;Neufchâteau;531;2549;3602;
APARTMENT_BLOCKNeufchâteau;APARTMENT_BLOCK;Neufchâteau;641;1670;5643;
DUPLEX-TRIPLEXNeufchâteau;DUPLEX-TRIPLEX;Neufchâteau;1513;2420;2800;
EXCEPTIONAL_PROPERTYNeufchâteau;EXCEPTIONAL_PROPERTY;Neufchâteau;1471;2097;3333;
GROUND_FLOORNeufchâteau;GROUND_FLOOR;Neufchâteau;792;1793;2612;
HOUSENeufchâteau;HOUSE;Neufchâteau;463;1699;3618;
MANSIONNeufchâteau;MANSION;Neufchâteau;638;1073;1403;
MIXED_USE_BUILDINGNeufchâteau;MIXED_USE_BUILDING;Neufchâteau;450;942;1997;
PENTHOUSENeufchâteau;PENTHOUSE;Neufchâteau;2508;3021;3361;
TOWN_HOUSENeufchâteau;TOWN_HOUSE;Neufchâteau;1085;1473;2153;
VILLANeufchâteau;VILLA;Neufchâteau;1211;2051;2896;
APARTMENTNivelles;APARTMENT;Nivelles;1542;3439;7345;
APARTMENT_BLOCKNivelles;APARTMENT_BLOCK;Nivelles;542;2005;4125;
DUPLEX-TRIPLEXNivelles;DUPLEX-TRIPLEX;Nivelles;1201;3072;5922;
EXCEPTIONAL_PROPERTYNivelles;EXCEPTIONAL_PROPERTY;Nivelles;680;3435;8235;
FLAT_STUDIONivelles;FLAT_STUDIO;Nivelles;2589;4315;6024;
GROUND_FLOORNivelles;GROUND_FLOOR;Nivelles;1750;3622;7316;
HOUSENivelles;HOUSE;Nivelles;428;2320;6000;
KOTNivelles;KOT;Nivelles;5972;5972;5972;
LOFTNivelles;LOFT;Nivelles;1403;1964;2714;
MANSIONNivelles;MANSION;Nivelles;1663;2238;3177;
MIXED_USE_BUILDINGNivelles;MIXED_USE_BUILDING;Nivelles;550;1896;3430;
PENTHOUSENivelles;PENTHOUSE;Nivelles;2509;3861;9648;
SERVICE_FLATNivelles;SERVICE_FLAT;Nivelles;6765;7607;8450;
TOWN_HOUSENivelles;TOWN_HOUSE;Nivelles;1096;2317;3000;
VILLANivelles;VILLA;Nivelles;948;2965;9000;
APARTMENTOostend;APARTMENT;Oostend;405;3914;13158;
APARTMENT_BLOCKOostend;APARTMENT_BLOCK;Oostend;1425;3657;11667;
DUPLEX-TRIPLEXOostend;DUPLEX-TRIPLEX;Oostend;1684;3422;7554;
EXCEPTIONAL_PROPERTYOostend;EXCEPTIONAL_PROPERTY;Oostend;1252;4388;11400;
FLAT_STUDIOOostend;FLAT_STUDIO;Oostend;2278;4168;11410;
GROUND_FLOOROostend;GROUND_FLOOR;Oostend;1380;3459;7075;
HOUSEOostend;HOUSE;Oostend;431;2240;5117;
MANSIONOostend;MANSION;Oostend;1024;1732;2465;
MIXED_USE_BUILDINGOostend;MIXED_USE_BUILDING;Oostend;988;1375;1729;
PENTHOUSEOostend;PENTHOUSE;Oostend;1552;4746;9843;
SERVICE_FLATOostend;SERVICE_FLAT;Oostend;4083;4386;4909;
TOWN_HOUSEOostend;TOWN_HOUSE;Oostend;1413;1897;2736;
VILLAOostend;VILLA;Oostend;479;2522;6553;
APARTMENTOudenaarde;APARTMENT;Oudenaarde;849;2889;5500;
APARTMENT_BLOCKOudenaarde;APARTMENT_BLOCK;Oudenaarde;1059;1762;3071;
DUPLEX-TRIPLEXOudenaarde;DUPLEX-TRIPLEX;Oudenaarde;1383;2570;3901;
EXCEPTIONAL_PROPERTYOudenaarde;EXCEPTIONAL_PROPERTY;Oudenaarde;1055;1642;2024;
GROUND_FLOOROudenaarde;GROUND_FLOOR;Oudenaarde;2631;3141;3462;
HOUSEOudenaarde;HOUSE;Oudenaarde;475;2030;5331;
LOFTOudenaarde;LOFT;Oudenaarde;827;1614;2026;
MANSIONOudenaarde;MANSION;Oudenaarde;940;1460;2271;
MIXED_USE_BUILDINGOudenaarde;MIXED_USE_BUILDING;Oudenaarde;548;1501;3266;
PENTHOUSEOudenaarde;PENTHOUSE;Oudenaarde;2329;3129;3622;
SERVICE_FLATOudenaarde;SERVICE_FLAT;Oudenaarde;3362;3810;4231;
VILLAOudenaarde;VILLA;Oudenaarde;684;2458;4466;
APARTMENTSint-Niklaas;APARTMENT;Sint-Niklaas;1076;3165;6938;
APARTMENT_BLOCKSint-Niklaas;APARTMENT_BLOCK;Sint-Niklaas;1050;2133;3015;
DUPLEX-TRIPLEXSint-Niklaas;DUPLEX-TRIPLEX;Sint-Niklaas;1292;2512;4509;
EXCEPTIONAL_PROPERTYSint-Niklaas;EXCEPTIONAL_PROPERTY;Sint-Niklaas;1677;2030;2485;
FLAT_STUDIOSint-Niklaas;FLAT_STUDIO;Sint-Niklaas;1163;2027;2891;
GROUND_FLOORSint-Niklaas;GROUND_FLOOR;Sint-Niklaas;1828;2962;4167;
HOUSESint-Niklaas;HOUSE;Sint-Niklaas;564;2251;10359;
LOFTSint-Niklaas;LOFT;Sint-Niklaas;3364;3364;3364;
MANSIONSint-Niklaas;MANSION;Sint-Niklaas;851;1720;2404;
MIXED_USE_BUILDINGSint-Niklaas;MIXED_USE_BUILDING;Sint-Niklaas;440;1900;4864;
PENTHOUSESint-Niklaas;PENTHOUSE;Sint-Niklaas;2246;4197;6296;
SERVICE_FLATSint-Niklaas;SERVICE_FLAT;Sint-Niklaas;1803;3493;4663;
TOWN_HOUSESint-Niklaas;TOWN_HOUSE;Sint-Niklaas;1272;1667;2493;
VILLASint-Niklaas;VILLA;Sint-Niklaas;1742;2970;6988;
APARTMENTSoignies;APARTMENT;Soignies;421;2446;3625;
APARTMENT_BLOCKSoignies;APARTMENT_BLOCK;Soignies;416;1256;2837;
DUPLEX-TRIPLEXSoignies;DUPLEX-TRIPLEX;Soignies;979;1710;2537;
EXCEPTIONAL_PROPERTYSoignies;EXCEPTIONAL_PROPERTY;Soignies;1071;2005;3044;
FLAT_STUDIOSoignies;FLAT_STUDIO;Soignies;2684;3631;5556;
GROUND_FLOORSoignies;GROUND_FLOOR;Soignies;1538;2339;2778;
HOUSESoignies;HOUSE;Soignies;421;1746;4874;
MANSIONSoignies;MANSION;Soignies;961;1527;2333;
MIXED_USE_BUILDINGSoignies;MIXED_USE_BUILDING;Soignies;495;1295;3125;
PENTHOUSESoignies;PENTHOUSE;Soignies;1444;2407;2745;
TOWN_HOUSESoignies;TOWN_HOUSE;Soignies;500;1195;2178;
VILLASoignies;VILLA;Soignies;932;2160;3818;
APARTMENTThuin;APARTMENT;Thuin;928;2408;3302;
APARTMENT_BLOCKThuin;APARTMENT_BLOCK;Thuin;500;1158;4513;
DUPLEX-TRIPLEXThuin;DUPLEX-TRIPLEX;Thuin;890;1137;1385;
EXCEPTIONAL_PROPERTYThuin;EXCEPTIONAL_PROPERTY;Thuin;767;1403;2485;
GROUND_FLOORThuin;GROUND_FLOOR;Thuin;967;2098;2530;
HOUSEThuin;HOUSE;Thuin;425;1418;3228;
LOFTThuin;LOFT;Thuin;887;887;887;
MANSIONThuin;MANSION;Thuin;613;943;1520;
MIXED_USE_BUILDINGThuin;MIXED_USE_BUILDING;Thuin;551;1061;2188;
PENTHOUSEThuin;PENTHOUSE;Thuin;1686;2532;2917;
TOWN_HOUSEThuin;TOWN_HOUSE;Thuin;636;1170;1777;
VILLAThuin;VILLA;Thuin;625;1777;3182;
APARTMENTTongeren;APARTMENT;Tongeren;987;2911;4317;
APARTMENT_BLOCKTongeren;APARTMENT_BLOCK;Tongeren;1045;2338;3667;
DUPLEX-TRIPLEXTongeren;DUPLEX-TRIPLEX;Tongeren;1097;2015;2943;
EXCEPTIONAL_PROPERTYTongeren;EXCEPTIONAL_PROPERTY;Tongeren;615;2230;2995;
GROUND_FLOORTongeren;GROUND_FLOOR;Tongeren;1367;2933;3900;
HOUSETongeren;HOUSE;Tongeren;493;1793;4368;
LOFTTongeren;LOFT;Tongeren;2781;2996;3211;
MANSIONTongeren;MANSION;Tongeren;1214;1804;2571;
MIXED_USE_BUILDINGTongeren;MIXED_USE_BUILDING;Tongeren;776;1961;3811;
PENTHOUSETongeren;PENTHOUSE;Tongeren;2441;3164;3791;
SERVICE_FLATTongeren;SERVICE_FLAT;Tongeren;3950;3950;3950;
TOWN_HOUSETongeren;TOWN_HOUSE;Tongeren;1846;1846;1846;
VILLATongeren;VILLA;Tongeren;1112;2262;4573;
APARTMENTTournai;APARTMENT;Tournai;710;2598;5041;
APARTMENT_BLOCKTournai;APARTMENT_BLOCK;Tournai;550;1381;4457;
DUPLEX-TRIPLEXTournai;DUPLEX-TRIPLEX;Tournai;563;2186;3462;
EXCEPTIONAL_PROPERTYTournai;EXCEPTIONAL_PROPERTY;Tournai;854;1996;3151;
FLAT_STUDIOTournai;FLAT_STUDIO;Tournai;1902;2816;3905;
GROUND_FLOORTournai;GROUND_FLOOR;Tournai;1569;2725;3085;
HOUSETournai;HOUSE;Tournai;417;1840;5598;
KOTTournai;KOT;Tournai;3981;4095;4231;
MANSIONTournai;MANSION;Tournai;847;1533;2900;
MIXED_USE_BUILDINGTournai;MIXED_USE_BUILDING;Tournai;483;1672;4450;
PENTHOUSETournai;PENTHOUSE;Tournai;1424;3029;4663;
TOWN_HOUSETournai;TOWN_HOUSE;Tournai;847;1170;1385;
VILLATournai;VILLA;Tournai;909;2176;4738;
APARTMENTTurnhout;APARTMENT;Turnhout;728;2931;5698;
APARTMENT_BLOCKTurnhout;APARTMENT_BLOCK;Turnhout;902;2308;11471;
DUPLEX-TRIPLEXTurnhout;DUPLEX-TRIPLEX;Turnhout;1377;2484;3664;
EXCEPTIONAL_PROPERTYTurnhout;EXCEPTIONAL_PROPERTY;Turnhout;1656;2353;2931;
FLAT_STUDIOTurnhout;FLAT_STUDIO;Turnhout;3312;4027;5357;
GROUND_FLOORTurnhout;GROUND_FLOOR;Turnhout;1611;3052;4643;
HOUSETurnhout;HOUSE;Turnhout;448;2082;5245;
LOFTTurnhout;LOFT;Turnhout;1625;3112;5061;
MANSIONTurnhout;MANSION;Turnhout;1008;1871;4261;
MIXED_USE_BUILDINGTurnhout;MIXED_USE_BUILDING;Turnhout;592;1844;3693;
PENTHOUSETurnhout;PENTHOUSE;Turnhout;2041;3359;5376;
SERVICE_FLATTurnhout;SERVICE_FLAT;Turnhout;2169;3573;5245;
TOWN_HOUSETurnhout;TOWN_HOUSE;Turnhout;1026;2023;3192;
VILLATurnhout;VILLA;Turnhout;414;2412;6211;
APARTMENTVerviers;APARTMENT;Verviers;832;2860;5156;
APARTMENT_BLOCKVerviers;APARTMENT_BLOCK;Verviers;402;1342;4988;
DUPLEX-TRIPLEXVerviers;DUPLEX-TRIPLEX;Verviers;429;1932;3968;
EXCEPTIONAL_PROPERTYVerviers;EXCEPTIONAL_PROPERTY;Verviers;550;2119;4730;
FLAT_STUDIOVerviers;FLAT_STUDIO;Verviers;1925;2880;4118;
GROUND_FLOORVerviers;GROUND_FLOOR;Verviers;1013;2601;4575;
HOUSEVerviers;HOUSE;Verviers;413;1866;4448;
LOFTVerviers;LOFT;Verviers;591;1285;2394;
MANSIONVerviers;MANSION;Verviers;615;1318;1929;
MIXED_USE_BUILDINGVerviers;MIXED_USE_BUILDING;Verviers;414;1258;2708;
PENTHOUSEVerviers;PENTHOUSE;Verviers;2229;3258;5138;
TOWN_HOUSEVerviers;TOWN_HOUSE;Verviers;1163;1820;2346;
VILLAVerviers;VILLA;Verviers;1489;2378;3978;
APARTMENTVeurne;APARTMENT;Veurne;1123;4551;13409;
APARTMENT_BLOCKVeurne;APARTMENT_BLOCK;Veurne;1387;2989;5863;
DUPLEX-TRIPLEXVeurne;DUPLEX-TRIPLEX;Veurne;1860;4012;6486;
EXCEPTIONAL_PROPERTYVeurne;EXCEPTIONAL_PROPERTY;Veurne;1029;1712;2395;
FLAT_STUDIOVeurne;FLAT_STUDIO;Veurne;2576;4698;8735;
GROUND_FLOORVeurne;GROUND_FLOOR;Veurne;1309;3625;12935;
HOUSEVeurne;HOUSE;Veurne;405;2610;5745;
MANSIONVeurne;MANSION;Veurne;2393;2393;2393;
MIXED_USE_BUILDINGVeurne;MIXED_USE_BUILDING;Veurne;1279;3119;6490;
PENTHOUSEVeurne;PENTHOUSE;Veurne;3647;6613;13681;
SERVICE_FLATVeurne;SERVICE_FLAT;Veurne;2944;4656;5824;
TOWN_HOUSEVeurne;TOWN_HOUSE;Veurne;1535;1906;2276;
VILLAVeurne;VILLA;Veurne;1257;3492;9741;
APARTMENTVirton;APARTMENT;Virton;508;2764;4123;
APARTMENT_BLOCKVirton;APARTMENT_BLOCK;Virton;889;1361;1830;
DUPLEX-TRIPLEXVirton;DUPLEX-TRIPLEX;Virton;2080;2083;2087;
EXCEPTIONAL_PROPERTYVirton;EXCEPTIONAL_PROPERTY;Virton;702;2455;3636;
FLAT_STUDIOVirton;FLAT_STUDIO;Virton;2282;2282;2282;
GROUND_FLOORVirton;GROUND_FLOOR;Virton;2850;3050;3150;
HOUSEVirton;HOUSE;Virton;478;1778;3292;
MANSIONVirton;MANSION;Virton;1006;1006;1006;
MIXED_USE_BUILDINGVirton;MIXED_USE_BUILDING;Virton;417;1417;1897;
PENTHOUSEVirton;PENTHOUSE;Virton;2509;3071;3420;
TOWN_HOUSEVirton;TOWN_HOUSE;Virton;1667;1948;2230;
VILLAVirton;VILLA;Virton;1608;2332;3431;
APARTMENTWaremme;APARTMENT;Waremme;611;2644;4000;
APARTMENT_BLOCKWaremme;APARTMENT_BLOCK;Waremme;1761;2305;2909;
DUPLEX-TRIPLEXWaremme;DUPLEX-TRIPLEX;Waremme;1617;2422;2917;
EXCEPTIONAL_PROPERTYWaremme;EXCEPTIONAL_PROPERTY;Waremme;957;2573;3662;
GROUND_FLOORWaremme;GROUND_FLOOR;Waremme;1941;2529;2784;
HOUSEWaremme;HOUSE;Waremme;470;1864;5247;
LOFTWaremme;LOFT;Waremme;1667;1667;1667;
MANSIONWaremme;MANSION;Waremme;1166;1438;1708;
MIXED_USE_BUILDINGWaremme;MIXED_USE_BUILDING;Waremme;784;1541;2404;
PENTHOUSEWaremme;PENTHOUSE;Waremme;1916;2825;3260;
TOWN_HOUSEWaremme;TOWN_HOUSE;Waremme;2105;2242;2379;
VILLAWaremme;VILLA;Waremme;1338;2048;2933;
Brussels-Capital;Brussels-Capital;;468;3782;19091;
;;;;;;
;;;;;;
;;;;;;
;;;;;;
;;;;;;
;;;;;;
;;;;;;
;;;;;;
;;;;;;
;;;;;;
;;;;;;
;;;;;;
;;;;;;
;;;;;;
;;;;;;
;;;;;;
;;;;;;
;;;;;;
;;;;;;
;;;;;;
;;;;;;
;;;;;;
;;;;;;
;;;;;;
;;;;;;
;;;;;;
;;;;;;
;;;;;;
;;;;;;
;;;;;;
;;;;;;
;;;;;;
;;;;;;
;;;;;;
;;;;;;
;;;;;;
;;;;;;
;;;;;;
;;;;;;
;;;;;;
;;;;;;
;;;;;;
;;;;;;
;;;;;;
;;;;;;
;;;;;;
;;;;;;
;;;;;;
;;;;;;
;;;;;;
;;;;;;
;;;;;;
;;;;;;
;;;;;;
;;;;;;
;;;;;;
;;;;;;
;;;;;;
;;;;;;
;;;;;;
;;;;;;
;;;;;;
;;;;;;
;;;;;;
;;;;;;
;;;;;;
;;;;;;
;;;;;;
;;;;;;
;;;;;;
;;;;;;
;;;;;;
;;;;;;
;;;;;;
;;;;;;
;;;;;;
;;;;;;
;;;;;;
;;;;;;
;;;;;;
;;;;;;
;;;;;;
;;;;;;
;;;;;;
;;;;;;
;;;;;;
;;;;;;
;;;;;;
;;;;;;
;;;;;;
;;;;;;
;;;;;;
;;;;;;
;;;;;;
;;;;;;
;;;;;;
;;;;;;
;;;;;;
;;;;;;
;;;;;;
;;;;;;
;;;;;;
;;;;;;
;;;;;;
;;;;;;
;;;;;;
;;;;;;
;;;;;;
;;;;;;
;;;;;;
;;;;;;
;;;;;;
;;;;;;
;;;;;;
;;;;;;
;;;;;;
;;;;;;
;;;;;;
;;;;;;
;;;;;;
;;;;;;
;;;;;;
;;;;;;
;;;;;;
;;;;;;
;;;;;;
;;;;;;
;;;;;;
;;;;;;
;;;;;;
;;;;;;
;;;;;;
;;;;;;
;;;;;;
;;;;;;
;;;;;;
;;;;;;
;;;;;;
;;;;;;
;;;;;;
;;;;;;
;;;;;;
;;;;;;
;;;;;;
;;;;;;
;;;;;;
;;;;;;
;;;;;;
;;;;;;
;;;;;;
;;;;;;
;;;;;;
;;;;;;
;;;;;;
;;;;;;
;;;;;;
;;;;;;
;;;;;;
;;;;;;
;;;;;;
;;;;;;
;;;;;;
;;;;;;
;;;;;;
;;;;;;
;;;;;;
;;;;;;
;;;;;;
;;;;;;
;;;;;;
;;;;;;
;;;;;;
;;;;;;
;;;;;;
;;;;;;
;;;;;;
;;;;;;
;;;;;;
;;;;;;
;;;;;;
;;;;;;
;;;;;;
;;;;;;
;;;;;;
;;;;;;
;;;;;;
;;;;;;
;;;;;;
;;;;;;
;;;;;;
;;;;;;
;;;;;;
;;;;;;
;;;;;;
;;;;;;
;;;;;;
;;;;;;
;;;;;;
;;;;;;
;;;;;;
;;;;;;
;;;;;;
;;;;;;
;;;;;;
;;;;;;
;;;;;;
;;;;;;
;;;;;;
;;;;;;
;;;;;;
;;;;;;
;;;;;;
;;;;;;
;;;;;;
;;;;;;
;;;;;;
;;;;;;
;;;;;;
;;;;;;
;;;;;;
;;;;;;
;;;;;;
;;;;;;
;;;;;;
;;;;;;
;;;;;;
;;;;;;
;;;;;;
;;;;;;
;;;;;;
;;;;;;
;;;;;;
;;;;;;
;;;;;;
;;;;;;
;;;;;;
;;;;;;
;;;;;;
;;;;;;
;;;;;;
;;;;;;
;;;;;;
;;;;;;
;;;;;;
;;;;;;
;;;;;;
;;;;;;
;;;;;;
;;;;;;
;;;;;;
;;;;;;
;;;;;;
;;;;;;
;;;;;;
;;;;;;
;;;;;;
;;;;;;
;;;;;;
;;;;;;
;;;;;;
;;;;;;
;;;;;;
;;;;;;
;;;;;;
;;;;;;
;;;;;;
;;;;;;
;;;;;;
;;;;;;
;;;;;;
;;;;;;
;;;;;;
;;;;;;
;;;;;;
;;;;;;
;;;;;;
;;;;;;
;;;;;;
;;;;;;
;;;;;;
;;;;;;
;;;;;;
;;;;;;
;;;;;;
;;;;;;
;;;;;;
;;;;;;
;;;;;;
;;;;;;
;;;;;;
;;;;;;
;;;;;;
;;;;;;
;;;;;;
;;;;;;
;;;;;;
;;;;;;
;;;;;;
;;;;;;
;;;;;;
;;;;;;
;;;;;;
;;;;;;
;;;;;;
;;;;;;
;;;;;;
;;;;;;
;;;;;;
;;;;;;
;;;;;;
;;;;;;
;;;;;;
;;;;;;
;;;;;;
;;;;;;
;;;;;;
;;;;;;
;;;;;;
;;;;;;
;;;;;;
;;;;;;
;;;;;;
;;;;;;
;;;;;;
;;;;;;
;;;;;;
;;;;;;
;;;;;;
;;;;;;
;;;;;;
;;;;;;
;;;;;;
;;;;;;
;;;;;;
;;;;;;
;;;;;;
;;;;;;
;;;;;;
;;;;;;
;;;;;;
;;;;;;
;;;;;;
;;;;;;
;;;;;;
;;;;;;
;;;;;;
;;;;;;
;;;;;;
;;;;;;
;;;;;;
;;;;;;
;;;;;;
;;;;;;
;;;;;;
;;;;;;
;;;;;;
;;;;;;
;;;;;;
;;;;;;
;;;;;;
;;;;;;
;;;;;;
;;;;;;
;;;;;;
;;;;;;
;;;;;;
;;;;;;
;;;;;;
;;;;;;
;;;;;;
;;;;;;
;;;;;;
;;;;;;
;;;;;;
;;;;;;
;;;;;;
;;;;;;
;;;;;;
;;;;;;
;;;;;;
;;;;;;
;;;;;;
;;;;;;
;;;;;;
;;;;;;
;;;;;;
;;;;;;
;;;;;;
;;;;;;
;;;;;;
;;;;;;
;;;;;;
;;;;;;
;;;;;;
;;;;;;
;;;;;;
;;;;;;
;;;;;;
;;;;;;
;;;;;;
;;;;;;
;;;;;;
;;;;;;
;;;;;;
;;;;;;
;;;;;;
;;;;;;
;;;;;;
;;;;;;
;;;;;;
;;;;;;
;;;;;;
;;;;;;
;;;;;;
;;;;;;
;;;;;;
;;;;;;
;;;;;;
;;;;;;
;;;;;;
;;;;;;
;;;;;;
;;;;;;
;;;;;;
;;;;;;
;;;;;;
;;;;;;
;;;;;;
;;;;;;
;;;;;;
;;;;;;
;;;;;;
;;;;;;
;;;;;;
;;;;;;
;;;;;;
;;;;;;
;;;;;;
;;;;;;
;;;;;;
;;;;;;
;;;;;;
;;;;;;
;;;;;;
;;;;;;
;;;;;;
;;;;;;
;;;;;;
;;;;;;
;;;;;;
;;;;;;
;;;;;;
;;;;;;
;;;;;;
;;;;;;
;;;;;;
;;;;;;
;;;;;;
;;;;;;
;;;;;;
;;;;;;
;;;;;;
;;;;;;
;;;;;;
;;;;;;
;;;;;;
;;;;;;
;;;;;;
;;;;;;
;;;;;;
;;;;;;
;;;;;;
;;;;;;
;;;;;;
;;;;;;
;;;;;;
;;;;;;
;;;;;;
;;;;;;
;;;;;;
;;;;;;
;;;;;;
;;;;;;
;;;;;;
;;;;;;
;;;;;;
;;;;;;
;;;;;;
;;;;;;
;;;;;;
;;;;;;
;;;;;;
;;;;;;
;;;;;;
;;;;;;
;;;;;;
;;;;;;
;;;;;;
;;;;;;
;;;;;;
;;;;;;
;;;;;;
;;;;;;
;;;;;;
;;;;;;
;;;;;;
;;;;;;
;;;;;;
;;;;;;
;;;;;;
;;;;;;
;;;;;;
;;;;;;
;;;;;;
;;;;;;
;;;;;;
;;;;;;
;;;;;;
;;;;;;
;;;;;;
;;;;;;
;;;;;;
;;;;;;
;;;;;;
;;;;;;
;;;;;;
;;;;;;
;;;;;;
;;;;;;
;;;;;;
;;;;;;
;;;;;;
;;;;;;
;;;;;;
;;;;;;
;;;;;;
;;;;;;
;;;;;;
;;;;;;
;;;;;;
;;;;;;
;;;;;;
;;;;;;
;;;;;;
;;;;;;
;;;;;;
;;;;;;
;;;;;;
;;;;;;
;;;;;;
;;;;;;
;;;;;;
;;;;;;
;;;;;;
;;;;;;
;;;;;;
;;;;;;
;;;;;;
;;;;;;
;;;;;;
;;;;;;
;;;;;;
;;;;;;
;;;;;;
;;;;;;
;;;;;;
;;;;;;
;;;;;;
;;;;;;
;;;;;;
;;;;;;
;;;;;;
;;;;;;
;;;;;;
;;;;;;
;;;;;;
;;;;;;
;;;;;;
;;;;;;
;;;;;;
;;;;;;
;;;;;;
;;;;;;
;;;;;;
;;;;;;
;;;;;;
;;;;;;
;;;;;;
;;;;;;
;;;;;;
;;;;;;
;;;;;;
;;;;;;
;;;;;;
;;;;;;
;;;;;;
;;;;;;
;;;;;;
;;;;;;
;;;;;;
;;;;;;
;;;;;;
;;;;;;
;;;;;;
;;;;;;
;;;;;;
;;;;;;
;;;;;;
;;;;;;
;;;;;;
;;;;;;
;;;;;;
;;;;;;
;;;;;;
;;;;;;
;;;;;;
;;;;;;
;;;;;;
;;;;;;
;;;;;;
;;;;;;
;;;;;;
;;;;;;
;;;;;;
;;;;;;
;;;;;;
;;;;;;
;;;;;;
;;;;;;
;;;;;;
;;;;;;
;;;;;;
;;;;;;
;;;;;;
;;;;;;
;;;;;;
;;;;;;
;;;;;;
;;;;;;
;;;;;;
;;;;;;
;;;;;;
;;;;;;
;;;;;;
;;;;;;
;;;;;;
;;;;;;
;;;;;;
;;;;;;
;;;;;;
;;;;;;
;;;;;;
;;;;;;
;;;;;;
;;;;;;
;;;;;;
;;;;;;
;;;;;;
;;;;;;
;;;;;;
;;;;;;
;;;;;;
;;;;;;
;;;;;;
;;;;;;
;;;;;;
;;;;;;
;;;;;;
;;;;;;
;;;;;;
;;;;;;
;;;;;;
;;;;;;
;;;;;;
;;;;;;
;;;;;;
;;;;;;
;;;;;;
;;;;;;
;;;;;;
;;;;;;
;;;;;;
;;;;;;
;;;;;;
;;;;;;
;;;;;;
;;;;;;
;;;;;;
;;;;;;
;;;;;;
;;;;;;
;;;;;;
;;;;;;
;;;;;;
;;;;;;
;;;;;;
;;;;;;
;;;;;;
;;;;;;
;;;;;;
;;;;;;
;;;;;;
;;;;;;
;;;;;;
;;;;;;
;;;;;;
;;;;;;
;;;;;;
;;;;;;
;;;;;;
;;;;;;
;;;;;;
;;;;;;
;;;;;;
;;;;;;
;;;;;;
;;;;;;
;;;;;;
;;;;;;
;;;;;;
;;;;;;
;;;;;;
;;;;;;
;;;;;;
;;;;;;
;;;;;;
;;;;;;
;;;;;;
;;;;;;
;;;;;;
;;;;;;
;;;;;;
;;;;;;
;;;;;;
;;;;;;
;;;;;;
;;;;;;
;;;;;;
;;;;;;
;;;;;;
;;;;;;
;;;;;;
;;;;;;
;;;;;;
;;;;;;
;;;;;;
;;;;;;
;;;;;;
;;;;;;
;;;;;;
;;;;;;
;;;;;;
;;;;;;
;;;;;;
;;;;;;
;;;;;;
;;;;;;
;;;;;;
;;;;;;
;;;;;;
;;;;;;
;;;;;;
;;;;;;
;;;;;;
;;;;;;
;;;;;;
;;;;;;
;;;;;;
;;;;;;
;;;;;;
;;;;;;
;;;;;;
;;;;;;
;;;;;;
;;;;;;
;;;;;;
;;;;;;
;;;;;;
;;;;;;
;;;;;;
;;;;;;
;;;;;;
;;;;;;
;;;;;;
;;;;;;
;;;;;;
;;;;;;
;;;;;;
;;;;;;
;;;;;;
;;;;;;
;;;;;;
;;;;;;
;;;;;;
;;;;;;
;;;;;;
;;;;;;
;;;;;;
;;;;;;
;;;;;;
;;;;;;
;;;;;;
;;;;;;
;;;;;;
;;;;;;
;;;;;;
;;;;;;
;;;;;;
;;;;;;
;;;;;;
;;;;;;
;;;;;;
;;;;;;
;;;;;;
;;;;;;
;;;;;;
;;;;;;
;;;;;;
;;;;;;
;;;;;;
;;;;;;
;;;;;;
;;;;;;
;;;;;;
;;;;;;
;;;;;;
;;;;;;
;;;;;;
;;;;;;
;;;;;;
;;;;;;
;;;;;;
;;;;;;
;;;;;;
;;;;;;
;;;;;;
;;;;;;
;;;;;;
;;;;;;
;;;;;;
;;;;;;
;;;;;;
;;;;;;
;;;;;;
;;;;;;
;;;;;;
;;;;;;
;;;;;;
;;;;;;
;;;;;;
;;;;;;
;;;;;;
;;;;;;
;;;;;;
;;;;;;
;;;;;;
;;;;;;
;;;;;;
;;;;;;
;;;;;;
;;;;;;
;;;;;;
;;;;;;
;;;;;;
;;;;;;
;;;;;;
;;;;;;
;;;;;;
;;;;;;
;;;;;;
;;;;;;
;;;;;;
;;;;;;
;;;;;;
;;;;;;
;;;;;;
;;;;;;
;;;;;;
;;;;;;
;;;;;;
;;;;;;
;;;;;;
;;;;;;
;;;;;;
;;;;;;
;;;;;;
;;;;;;
;;;;;;
;;;;;;
;;;;;;
;;;;;;
;;;;;;
;;;;;;
;;;;;;
;;;;;;
;;;;;;
;;;;;;
;;;;;;
;;;;;;
;;;;;;
;;;;;;
;;;;;;
;;;;;;
;;;;;;
;;;;;;
;;;;;;
;;;;;;
;;;;;;
;;;;;;
;;;;;;
;;;;;;
;;;;;;
;;;;;;
;;;;;;
;;;;;;
;;;;;;
;;;;;;
;;;;;;
;;;;;;
;;;;;;
;;;;;;
;;;;;;
;;;;;;
;;;;;;
;;;;;;
;;;;;;
;;;;;;
;;;;;;
;;;;;;
;;;;;;
;;;;;;
;;;;;;
;;;;;;
;;;;;;
;;;;;;
;;;;;;
;;;;;;
;;;;;;
;;;;;;
;;;;;;
;;;;;;
;;;;;;
;;;;;;
;;;;;;
;;;;;;
;;;;;;
;;;;;;
;;;;;;
;;;;;;
;;;;;;
;;;;;;
;;;;;;
;;;;;;
;;;;;;
;;;;;;
;;;;;;
;;;;;;
;;;;;;
;;;;;;
;;;;;;
;;;;;;
;;;;;;
;;;;;;
;;;;;;
;;;;;;
;;;;;;
;;;;;;
;;;;;;
;;;;;;
;;;;;;
;;;;;;
;;;;;;
;;;;;;
;;;;;;
;;;;;;
;;;;;;
;;;;;;
;;;;;;
;;;;;;
;;;;;;
;;;;;;
;;;;;;
;;;;;;
;;;;;;
;;;;;;
;;;;;;
;;;;;;
;;;;;;
;;;;;;
;;;;;;
;;;;;;
;;;;;;
;;;;;;
;;;;;;
;;;;;;
;;;;;;
;;;;;;
;;;;;;
;;;;;;
;;;;;;
;;;;;;
;;;;;;
;;;;;;
;;;;;;
;;;;;;
;;;;;;
;;;;;;
;;;;;;
;;;;;;
;;;;;;
;;;;;;
;;;;;;
;;;;;;
;;;;;;
;;;;;;
;;;;;;
;;;;;;
;;;;;;
;;;;;;
;;;;;;
;;;;;;
;;;;;;
;;;;;;
;;;;;;
;;;;;;
;;;;;;
;;;;;;
;;;;;;
;;;;;;
;;;;;;
;;;;;;
;;;;;;
;;;;;;
;;;;;;
;;;;;;
;;;;;;
;;;;;;
;;;;;;
;;;;;;
;;;;;;
;;;;;;
;;;;;;
;;;;;;
;;;;;;
;;;;;;
;;;;;;
;;;;;;
;;;;;;
;;;;;;
;;;;;;
;;;;;;
;;;;;;
;;;;;;
;;;;;;
;;;;;;
;;;;;;
;;;;;;
;;;;;;
;;;;;;
;;;;;;
;;;;;;
;;;;;;
;;;;;;
;;;;;;
;;;;;;
;;;;;;
;;;;;;
;;;;;;
;;;;;;
;;;;;;
;;;;;;
;;;;;;
;;;;;;
;;;;;;
;;;;;;
;;;;;;
;;;;;;
;;;;;;
;;;;;;
;;;;;;
;;;;;;
;;;;;;
;;;;;;
;;;;;;
;;;;;;
;;;;;;
;;;;;;
;;;;;;
;;;;;;
;;;;;;
;;;;;;
;;;;;;
;;;;;;
;;;;;;
;;;;;;
;;;;;;
;;;;;;
;;;;;;
;;;;;;
;;;;;;
;;;;;;
;;;;;;
;;;;;;
;;;;;;
;;;;;;
;;;;;;
;;;;;;
;;;;;;
;;;;;;
;;;;;;
;;;;;;
;;;;;;
;;;;;;
;;;;;;
;;;;;;
;;;;;;
;;;;;;
;;;;;;
;;;;;;
;;;;;;
;;;;;;
;;;;;;
;;;;;;
;;;;;;
;;;;;;
;;;;;;
;;;;;;
;;;;;;
;;;;;;
;;;;;;
;;;;;;
;;;;;;
;;;;;;
;;;;;;
;;;;;;
;;;;;;
;;;;;;
;;;;;;
;;;;;;
;;;;;;
;;;;;;
;;;;;;
;;;;;;
;;;;;;
;;;;;;
;;;;;;
;;;;;;
;;;;;;
;;;;;;
;;;;;;
;;;;;;
;;;;;;
;;;;;;
;;;;;;
;;;;;;
;;;;;;
;;;;;;
;;;;;;
;;;;;;
;;;;;;
;;;;;;
;;;;;;
;;;;;;
;;;;;;
;;;;;;
;;;;;;
;;;;;;
;;;;;;
;;;;;;
;;;;;;
;;;;;;
;;;;;;
;;;;;;
;;;;;;
;;;;;;
;;;;;;
;;;;;;
;;;;;;
;;;;;;
;;;;;;
;;;;;;
;;;;;;
;;;;;;
;;;;;;
;;;;;;
;;;;;;
;;;;;;
;;;;;;
;;;;;;
;;;;;;
;;;;;;
;;;;;;
;;;;;;
;;;;;;
;;;;;;
;;;;;;
;;;;;;
;;;;;;
;;;;;;
;;;;;;
;;;;;;
;;;;;;
;;;;;;
;;;;;;
;;;;;;
;;;;;;
;;;;;;
;;;;;;
;;;;;;
;;;;;;
;;;;;;
;;;;;;
;;;;;;
;;;;;;
;;;;;;
;;;;;;
;;;;;;
;;;;;;
;;;;;;
;;;;;;
;;;;;;
;;;;;;
;;;;;;
;;;;;;
;;;;;;
;;;;;;
;;;;;;
;;;;;;
;;;;;;
;;;;;;
;;;;;;
;;;;;;
;;;;;;
;;;;;;
;;;;;;
;;;;;;
;;;;;;
;;;;;;
;;;;;;
;;;;;;
;;;;;;
;;;;;;
;;;;;;
;;;;;;
;;;;;;
;;;;;;
;;;;;;
;;;;;;
;;;;;;
;;;;;;
;;;;;;
;;;;;;
;;;;;;
;;;;;;
;;;;;;
;;;;;;
;;;;;;
;;;;;;
;;;;;;
;;;;;;
;;;;;;
;;;;;;
;;;;;;
;;;;;;
;;;;;;
;;;;;;
;;;;;;
;;;;;;
;;;;;;
;;;;;;
;;;;;;
;;;;;;
;;;;;;
;;;;;;
;;;;;;
;;;;;;
;;;;;;
;;;;;;
;;;;;;
;;;;;;
;;;;;;
;;;;;;
;;;;;;
;;;;;;
;;;;;;
;;;;;;
;;;;;;
;;;;;;
;;;;;;
;;;;;;
;;;;;;
;;;;;;
;;;;;;
;;;;;;
;;;;;;
;;;;;;
;;;;;;
;;;;;;
;;;;;;
;;;;;;
;;;;;;
;;;;;;
;;;;;;
;;;;;;
;;;;;;
;;;;;;
;;;;;;
;;;;;;
;;;;;;
;;;;;;
;;;;;;
;;;;;;
;;;;;;
;;;;;;
;;;;;;
;;;;;;
;;;;;;
;;;;;;
;;;;;;
;;;;;;
;;;;;;
;;;;;;
;;;;;;
;;;;;;
;;;;;;
;;;;;;
;;;;;;
;;;;;;
;;;;;;
;;;;;;
;;;;;;
;;;;;;
;;;;;;
;;;;;;
;;;;;;
;;;;;;
;;;;;;
;;;;;;
;;;;;;
;;;;;;
;;;;;;
;;;;;;
;;;;;;
;;;;;;
;;;;;;
;;;;;;
;;;;;;
;;;;;;
;;;;;;
;;;;;;
;;;;;;
;;;;;;
;;;;;;
;;;;;;
;;;;;;
;;;;;;
;;;;;;
;;;;;;
;;;;;;
;;;;;;
;;;;;;
;;;;;;
;;;;;;
;;;;;;
;;;;;;
;;;;;;
;;;;;;
;;;;;;
;;;;;;
;;;;;;
;;;;;;
;;;;;;
;;;;;;
;;;;;;
;;;;;;
;;;;;;
;;;;;;
;;;;;;
;;;;;;
;;;;;;
;;;;;;
;;;;;;
;;;;;;
;;;;;;
;;;;;;
;;;;;;
;;;;;;
;;;;;;
;;;;;;
;;;;;;
;;;;;;
;;;;;;
;;;;;;
;;;;;;
;;;;;;
;;;;;;
;;;;;;
;;;;;;
;;;;;;
;;;;;;
;;;;;;
;;;;;;
;;;;;;
;;;;;;
;;;;;;
;;;;;;
;;;;;;
;;;;;;
;;;;;;
;;;;;;
;;;;;;
;;;;;;
;;;;;;
;;;;;;
;;;;;;
;;;;;;
;;;;;;
;;;;;;
;;;;;;
;;;;;;
;;;;;;
;;;;;;
;;;;;;
;;;;;;
;;;;;;
;;;;;;
;;;;;;
;;;;;;
;;;;;;
;;;;;;
;;;;;;
;;;;;;
;;;;;;
;;;;;;
;;;;;;
;;;;;;
;;;;;;
;;;;;;
;;;;;;
;;;;;;
;;;;;;
;;;;;;
;;;;;;
;;;;;;
;;;;;;
;;;;;;
;;;;;;
;;;;;;
;;;;;;
;;;;;;
;;;;;;
;;;;;;
;;;;;;
;;;;;;
;;;;;;
;;;;;;
;;;;;;
;;;;;;
;;;;;;
;;;;;;
;;;;;;
;;;;;;
;;;;;;
;;;;;;
;;;;;;
;;;;;;
;;;;;;
;;;;;;
;;;;;;
;;;;;;
;;;;;;
;;;;;;
;;;;;;
;;;;;;
;;;;;;
;;;;;;
;;;;;;
;;;;;;
;;;;;;
;;;;;;
;;;;;;
;;;;;;
;;;;;;
;;;;;;
;;;;;;
;;;;;;
;;;;;;
;;;;;;
;;;;;;
;;;;;;
;;;;;;
;;;;;;
;;;;;;
;;;;;;
;;;;;;
;;;;;;
;;;;;;
;;;;;;
;;;;;;
;;;;;;
;;;;;;
;;;;;;
;;;;;;
;;;;;;
;;;;;;
;;;;;;
;;;;;;
;;;;;;
;;;;;;
;;;;;;
;;;;;;
;;;;;;
;;;;;;
;;;;;;
;;;;;;
;;;;;;
;;;;;;
;;;;;;
;;;;;;
;;;;;;
;;;;;;
;;;;;;
;;;;;;
;;;;;;
;;;;;;
;;;;;;
;;;;;;
;;;;;;
;;;;;;
;;;;;;
;;;;;;
;;;;;;
;;;;;;
;;;;;;
;;;;;;
;;;;;;
;;;;;;
;;;;;;
;;;;;;
;;;;;;
;;;;;;
;;;;;;
;;;;;;
;;;;;;
;;;;;;
;;;;;;
;;;;;;
;;;;;;
;;;;;;
;;;;;;
;;;;;;
;;;;;;
;;;;;;
;;;;;;
;;;;;;
;;;;;;
;;;;;;
;;;;;;
;;;;;;
;;;;;;
;;;;;;
;;;;;;
;;;;;;
;;;;;;
;;;;;;
;;;;;;
;;;;;;
;;;;;;
;;;;;;
;;;;;;
;;;;;;
;;;;;;
;;;;;;
;;;;;;
;;;;;;
;;;;;;
;;;;;;
;;;;;;
;;;;;;
;;;;;;
;;;;;;
;;;;;;
;;;;;;
;;;;;;
;;;;;;
;;;;;;
;;;;;;
;;;;;;
;;;;;;
;;;;;;
;;;;;;
;;;;;;
;;;;;;
;;;;;;
;;;;;;
;;;;;;
;;;;;;
;;;;;;
;;;;;;
;;;;;;
;;;;;;
;;;;;;
;;;;;;
;;;;;;
;;;;;;
;;;;;;
;;;;;;
;;;;;;
;;;;;;
;;;;;;
;;;;;;
;;;;;;
;;;;;;
;;;;;;
;;;;;;
;;;;;;
;;;;;;
;;;;;;
;;;;;;
;;;;;;
;;;;;;
;;;;;;
;;;;;;
;;;;;;
;;;;;;
;;;;;;
;;;;;;
;;;;;;
;;;;;;
;;;;;;
;;;;;;
;;;;;;
;;;;;;
;;;;;;
;;;;;;
;;;;;;
;;;;;;
;;;;;;
;;;;;;
;;;;;;
;;;;;;
;;;;;;
;;;;;;
;;;;;;
;;;;;;
;;;;;;
;;;;;;
;;;;;;
;;;;;;
;;;;;;
;;;;;;
;;;;;;
;;;;;;
;;;;;;
;;;;;;
;;;;;;
;;;;;;
;;;;;;
;;;;;;
;;;;;;
;;;;;;
;;;;;;
;;;;;;
;;;;;;
;;;;;;
;;;;;;
;;;;;;
;;;;;;
;;;;;;
;;;;;;
;;;;;;
;;;;;;
;;;;;;
;;;;;;
;;;;;;
;;;;;;
;;;;;;
;;;;;;
;;;;;;
;;;;;;
;;;;;;
;;;;;;
;;;;;;
;;;;;;
;;;;;;
;;;;;;
;;;;;;
;;;;;;
;;;;;;
;;;;;;
;;;;;;
;;;;;;
;;;;;;
;;;;;;
;;;;;;
;;;;;;
;;;;;;
;;;;;;
;;;;;;
;;;;;;
;;;;;;
;;;;;;
;;;;;;
;;;;;;
;;;;;;
;;;;;;
;;;;;;
;;;;;;
;;;;;;
;;;;;;
;;;;;;
;;;;;;
;;;;;;
;;;;;;
;;;;;;
;;;;;;
;;;;;;
;;;;;;
;;;;;;
;;;;;;
;;;;;;
;;;;;;
;;;;;;
;;;;;;
;;;;;;
;;;;;;
;;;;;;
;;;;;;
;;;;;;
;;;;;;
;;;;;;
;;;;;;
;;;;;;
;;;;;;
;;;;;;
;;;;;;
;;;;;;
;;;;;;
;;;;;;
;;;;;;
;;;;;;
;;;;;;
;;;;;;
;;;;;;
;;;;;;
;;;;;;
;;;;;;
;;;;;;
;;;;;;
;;;;;;
;;;;;;
;;;;;;
;;;;;;
;;;;;;
;;;;;;
;;;;;;
;;;;;;
;;;;;;
;;;;;;
;;;;;;
;;;;;;
;;;;;;
;;;;;;
;;;;;;
;;;;;;
;;;;;;
;;;;;;
;;;;;;
;;;;;;
;;;;;;
;;;;;;
;;;;;;
;;;;;;
;;;;;;
;;;;;;
;;;;;;
;;;;;;
;;;;;;
;;;;;;
;;;;;;
;;;;;;
;;;;;;
;;;;;;
;;;;;;
;;;;;;
;;;;;;
;;;;;;
;;;;;;
;;;;;;
;;;;;;
;;;;;;
;;;;;;
;;;;;;
;;;;;;
;;;;;;
;;;;;;
;;;;;;
;;;;;;
;;;;;;
;;;;;;
;;;;;;
;;;;;;
;;;;;;
;;;;;;
;;;;;;
;;;;;;
;;;;;;
;;;;;;
;;;;;;
;;;;;;
;;;;;;
;;;;;;
;;;;;;
;;;;;;
;;;;;;
;;;;;;
;;;;;;
;;;;;;
;;;;;;
;;;;;;
;;;;;;
;;;;;;
;;;;;;
;;;;;;
;;;;;;
;;;;;;
;;;;;;
;;;;;;
;;;;;;
;;;;;;
;;;;;;
;;;;;;
;;;;;;
;;;;;;
;;;;;;
;;;;;;
;;;;;;
;;;;;;
;;;;;;
;;;;;;
;;;;;;
;;;;;;
;;;;;;
;;;;;;
;;;;;;
;;;;;;
;;;;;;
;;;;;;
;;;;;;
;;;;;;
;;;;;;
;;;;;;
;;;;;;
;;;;;;
;;;;;;
;;;;;;
;;;;;;
;;;;;;
;;;;;;
;;;;;;
;;;;;;
;;;;;;
;;;;;;
;;;;;;
;;;;;;
;;;;;;
;;;;;;
;;;;;;
;;;;;;
;;;;;;
;;;;;;
;;;;;;
;;;;;;
;;;;;;
;;;;;;
;;;;;;
;;;;;;
;;;;;;
;;;;;;
;;;;;;
;;;;;;
;;;;;;
;;;;;;
;;;;;;
;;;;;;
;;;;;;
;;;;;;
;;;;;;
;;;;;;
;;;;;;
;;;;;;
;;;;;;
;;;;;;
;;;;;;
;;;;;;
;;;;;;
;;;;;;
;;;;;;
;;;;;;
;;;;;;
;;;;;;
;;;;;;
;;;;;;
;;;;;;
;;;;;;
;;;;;;
;;;;;;
;;;;;;
;;;;;;
;;;;;;
;;;;;;
;;;;;;
;;;;;;
;;;;;;
;;;;;;
;;;;;;
;;;;;;
;;;;;;
;;;;;;
;;;;;;
;;;;;;
;;;;;;
;;;;;;
;;;;;;
;;;;;;
;;;;;;
;;;;;;
;;;;;;
;;;;;;
;;;;;;
;;;;;;
;;;;;;
;;;;;;
;;;;;;
;;;;;;
;;;;;;
;;;;;;
;;;;;;
;;;;;;
;;;;;;
;;;;;;
;;;;;;
;;;;;;
;;;;;;
;;;;;;
;;;;;;
;;;;;;
;;;;;;
;;;;;;
;;;;;;
;;;;;;
;;;;;;
;;;;;;
;;;;;;
;;;;;;
;;;;;;
;;;;;;
;;;;;;
;;;;;;
;;;;;;
;;;;;;
;;;;;;
;;;;;;
;;;;;;
;;;;;;
;;;;;;
;;;;;;
;;;;;;
;;;;;;
;;;;;;
;;;;;;
;;;;;;
;;;;;;
;;;;;;
;;;;;;
;;;;;;
;;;;;;
;;;;;;
;;;;;;
;;;;;;
;;;;;;
;;;;;;
;;;;;;
;;;;;;
;;;;;;
;;;;;;
;;;;;;
;;;;;;
;;;;;;
;;;;;;
;;;;;;
;;;;;;
;;;;;;
;;;;;;
;;;;;;
;;;;;;
;;;;;;
;;;;;;
;;;;;;
;;;;;;
;;;;;;
;;;;;;
;;;;;;
;;;;;;
;;;;;;
;;;;;;
;;;;;;
;;;;;;
;;;;;;
;;;;;;
;;;;;;
;;;;;;
;;;;;;
;;;;;;
;;;;;;
;;;;;;
;;;;;;
;;;;;;
;;;;;;
;;;;;;
;;;;;;
;;;;;;
;;;;;;
;;;;;;
;;;;;;
;;;;;;
;;;;;;
;;;;;;
;;;;;;
;;;;;;
;;;;;;
;;;;;;
;;;;;;
;;;;;;
;;;;;;
;;;;;;
;;;;;;
;;;;;;
;;;;;;
;;;;;;
;;;;;;
;;;;;;
;;;;;;
;;;;;;
;;;;;;
;;;;;;
;;;;;;
;;;;;;
;;;;;;
;;;;;;
;;;;;;
;;;;;;
;;;;;;
;;;;;;
;;;;;;
;;;;;;
;;;;;;
;;;;;;
;;;;;;
;;;;;;
;;;;;;
;;;;;;
;;;;;;
;;;;;;
;;;;;;
;;;;;;
;;;;;;
;;;;;;
;;;;;;
;;;;;;
;;;;;;
;;;;;;
;;;;;;
;;;;;;
;;;;;;
;;;;;;
;;;;;;
;;;;;;
;;;;;;
;;;;;;
;;;;;;
;;;;;;
;;;;;;
;;;;;;
;;;;;;
;;;;;;
;;;;;;
;;;;;;
;;;;;;
;;;;;;
;;;;;;
;;;;;;
;;;;;;
;;;;;;
;;;;;;
;;;;;;
;;;;;;
;;;;;;
;;;;;;
;;;;;;
;;;;;;
;;;;;;
;;;;;;
;;;;;;
;;;;;;
;;;;;;
;;;;;;
;;;;;;
;;;;;;
;;;;;;
;;;;;;
;;;;;;
;;;;;;
;;;;;;
;;;;;;
;;;;;;
;;;;;;
;;;;;;
;;;;;;
;;;;;;
;;;;;;
;;;;;;
;;;;;;
;;;;;;
;;;;;;
;;;;;;
;;;;;;
;;;;;;
;;;;;;
;;;;;;
;;;;;;
;;;;;;
;;;;;;
;;;;;;
;;;;;;
;;;;;;
;;;;;;
;;;;;;
;;;;;;
;;;;;;
;;;;;;
;;;;;;
;;;;;;
;;;;;;
;;;;;;
;;;;;;
;;;;;;
;;;;;;
;;;;;;
;;;;;;
;;;;;;
;;;;;;
;;;;;;
;;;;;;
;;;;;;
;;;;;;
;;;;;;
;;;;;;
;;;;;;
;;;;;;
;;;;;;
;;;;;;
;;;;;;
;;;;;;
;;;;;;
;;;;;;
;;;;;;
;;;;;;
;;;;;;
;;;;;;
;;;;;;
;;;;;;
;;;;;;
;;;;;;
;;;;;;
;;;;;;
;;;;;;
;;;;;;
;;;;;;
;;;;;;
;;;;;;
;;;;;;
;;;;;;
;;;;;;
;;;;;;
;;;;;;
;;;;;;
;;;;;;
;;;;;;
;;;;;;
;;;;;;
;;;;;;
;;;;;;
;;;;;;
;;;;;;
;;;;;;
;;;;;;
;;;;;;
;;;;;;
;;;;;;
;;;;;;
;;;;;;
;;;;;;
;;;;;;
;;;;;;
;;;;;;
;;;;;;
;;;;;;
;;;;;;
;;;;;;
;;;;;;
;;;;;;
;;;;;;
;;;;;;
;;;;;;
;;;;;;
;;;;;;
;;;;;;
;;;;;;
;;;;;;
;;;;;;
;;;;;;
;;;;;;
;;;;;;
;;;;;;
;;;;;;
;;;;;;
;;;;;;
;;;;;;
;;;;;;
;;;;;;
;;;;;;
;;;;;;
;;;;;;
;;;;;;
;;;;;;
;;;;;;
;;;;;;
;;;;;;
;;;;;;
;;;;;;
;;;;;;
;;;;;;
;;;;;;
;;;;;;
;;;;;;
;;;;;;
;;;;;;
;;;;;;
;;;;;;
;;;;;;
;;;;;;
;;;;;;
;;;;;;
;;;;;;
;;;;;;
;;;;;;
;;;;;;
;;;;;;
;;;;;;
;;;;;;
;;;;;;
;;;;;;
;;;;;;
;;;;;;
;;;;;;
;;;;;;
;;;;;;
;;;;;;
;;;;;;
;;;;;;
;;;;;;
;;;;;;
;;;;;;
;;;;;;
;;;;;;
;;;;;;
;;;;;;
;;;;;;
;;;;;;
;;;;;;
;;;;;;
;;;;;;
;;;;;;
;;;;;;
;;;;;;
;;;;;;
;;;;;;
;;;;;;
;;;;;;
;;;;;;
;;;;;;
;;;;;;
;;;;;;
;;;;;;
;;;;;;
;;;;;;
;;;;;;
;;;;;;
;;;;;;
;;;;;;
;;;;;;
;;;;;;
;;;;;;
;;;;;;
;;;;;;
;;;;;;
;;;;;;
;;;;;;
;;;;;;
;;;;;;
;;;;;;
;;;;;;
;;;;;;
;;;;;;
;;;;;;
;;;;;;
;;;;;;
;;;;;;
;;;;;;
;;;;;;
;;;;;;
;;;;;;
;;;;;;
;;;;;;
;;;;;;
;;;;;;
;;;;;;
;;;;;;
;;;;;;
;;;;;;
;;;;;;
;;;;;;
;;;;;;
;;;;;;
;;;;;;
;;;;;;
;;;;;;
;;;;;;
;;;;;;
;;;;;;
;;;;;;
;;;;;;
;;;;;;
;;;;;;
;;;;;;
;;;;;;
;;;;;;
;;;;;;
;;;;;;
;;;;;;
;;;;;;
;;;;;;
;;;;;;
;;;;;;
;;;;;;
;;;;;;
;;;;;;
;;;;;;
;;;;;;
;;;;;;
;;;;;;
;;;;;;
;;;;;;
;;;;;;
;;;;;;
;;;;;;
;;;;;;
;;;;;;
;;;;;;
;;;;;;
;;;;;;
;;;;;;
;;;;;;
;;;;;;
;;;;;;
;;;;;;
;;;;;;
;;;;;;
;;;;;;
;;;;;;
;;;;;;
;;;;;;
;;;;;;
;;;;;;
;;;;;;
;;;;;;
;;;;;;
;;;;;;
;;;;;;
;;;;;;
;;;;;;
;;;;;;
;;;;;;
;;;;;;
;;;;;;
;;;;;;
;;;;;;
;;;;;;
;;;;;;
;;;;;;
;;;;;;
;;;;;;
;;;;;;
;;;;;;
;;;;;;
;;;;;;
;;;;;;
;;;;;;
;;;;;;
;;;;;;
;;;;;;
;;;;;;
;;;;;;
;;;;;;
;;;;;;
;;;;;;
;;;;;;
;;;;;;
;;;;;;
;;;;;;
;;;;;;
;;;;;;
;;;;;;
;;;;;;
;;;;;;
;;;;;;
;;;;;;
;;;;;;
;;;;;;
;;;;;;
;;;;;;
;;;;;;
;;;;;;
;;;;;;
;;;;;;
;;;;;;
;;;;;;
;;;;;;
;;;;;;
;;;;;;
;;;;;;
;;;;;;
;;;;;;
;;;;;;
;;;;;;
;;;;;;
;;;;;;
;;;;;;
;;;;;;
;;;;;;
;;;;;;
;;;;;;
;;;;;;
;;;;;;
;;;;;;
;;;;;;
;;;;;;
;;;;;;
;;;;;;
;;;;;;
;;;;;;
;;;;;;
;;;;;;
;;;;;;
;;;;;;
;;;;;;
;;;;;;
;;;;;;
;;;;;;
;;;;;;
;;;;;;
;;;;;;
;;;;;;
;;;;;;
;;;;;;
;;;;;;
;;;;;;
;;;;;;
;;;;;;
;;;;;;
;;;;;;
;;;;;;
;;;;;;
;;;;;;
;;;;;;
;;;;;;
;;;;;;
;;;;;;
;;;;;;
;;;;;;
;;;;;;
;;;;;;
;;;;;;
;;;;;;
;;;;;;
;;;;;;
;;;;;;
;;;;;;
;;;;;;
;;;;;;
;;;;;;
;;;;;;
;;;;;;
;;;;;;
;;;;;;
;;;;;;
;;;;;;
;;;;;;
;;;;;;
;;;;;;
;;;;;;
;;;;;;
;;;;;;
;;;;;;
;;;;;;
;;;;;;
;;;;;;
;;;;;;
;;;;;;
;;;;;;
;;;;;;
;;;;;;
;;;;;;
;;;;;;
;;;;;;
;;;;;;
;;;;;;
;;;;;;
;;;;;;
;;;;;;
;;;;;;
;;;;;;
;;;;;;
;;;;;;
;;;;;;
;;;;;;
;;;;;;
;;;;;;
;;;;;;
;;;;;;
;;;;;;
;;;;;;
;;;;;;
;;;;;;
;;;;;;
;;;;;;
;;;;;;
;;;;;;
;;;;;;
;;;;;;
;;;;;;
;;;;;;
;;;;;;
;;;;;;
;;;;;;
;;;;;;
;;;;;;
;;;;;;
;;;;;;
;;;;;;
;;;;;;
;;;;;;
;;;;;;
;;;;;;
;;;;;;
;;;;;;
;;;;;;
;;;;;;
;;;;;;
;;;;;;
;;;;;;
;;;;;;
;;;;;;
;;;;;;
;;;;;;
;;;;;;
;;;;;;
;;;;;;
;;;;;;
;;;;;;
;;;;;;
;;;;;;
;;;;;;
;;;;;;
;;;;;;
;;;;;;
;;;;;;
;;;;;;
;;;;;;
;;;;;;
;;;;;;
;;;;;;
;;;;;;
;;;;;;
;;;;;;
;;;;;;
;;;;;;
;;;;;;
;;;;;;
;;;;;;
;;;;;;
;;;;;;
;;;;;;
;;;;;;
;;;;;;
;;;;;;
;;;;;;
;;;;;;
;;;;;;
;;;;;;
;;;;;;
;;;;;;
;;;;;;
;;;;;;
;;;;;;
;;;;;;
;;;;;;
;;;;;;
;;;;;;
;;;;;;
;;;;;;
;;;;;;
;;;;;;
;;;;;;
;;;;;;
;;;;;;
;;;;;;
;;;;;;
;;;;;;
;;;;;;
;;;;;;
;;;;;;
;;;;;;
;;;;;;
;;;;;;
;;;;;;
;;;;;;
;;;;;;
;;;;;;
;;;;;;
;;;;;;
;;;;;;
;;;;;;
;;;;;;
;;;;;;
;;;;;;
;;;;;;
;;;;;;
;;;;;;
;;;;;;
;;;;;;
;;;;;;
;;;;;;
;;;;;;
;;;;;;
;;;;;;
;;;;;;
;;;;;;
;;;;;;
;;;;;;
;;;;;;
;;;;;;
;;;;;;
;;;;;;
;;;;;;
;;;;;;
;;;;;;
;;;;;;
;;;;;;
;;;;;;
;;;;;;
;;;;;;
;;;;;;
;;;;;;
;;;;;;
;;;;;;
;;;;;;
;;;;;;
;;;;;;
;;;;;;
;;;;;;
;;;;;;
;;;;;;
;;;;;;
;;;;;;
;;;;;;
;;;;;;
;;;;;;
;;;;;;
;;;;;;
;;;;;;
;;;;;;
;;;;;;
;;;;;;
;;;;;;
;;;;;;
;;;;;;
;;;;;;
;;;;;;
;;;;;;
;;;;;;
;;;;;;
;;;;;;
;;;;;;
;;;;;;
;;;;;;
;;;;;;
;;;;;;
;;;;;;
;;;;;;
;;;;;;
;;;;;;
;;;;;;
;;;;;;
;;;;;;
;;;;;;
;;;;;;
;;;;;;
;;;;;;
;;;;;;
;;;;;;
;;;;;;
;;;;;;
;;;;;;
;;;;;;
;;;;;;
;;;;;;
;;;;;;
;;;;;;
;;;;;;
;;;;;;
;;;;;;
;;;;;;
;;;;;;
;;;;;;
;;;;;;
;;;;;;
;;;;;;
;;;;;;
;;;;;;
;;;;;;
;;;;;;
;;;;;;
;;;;;;
;;;;;;
;;;;;;
;;;;;;
;;;;;;
;;;;;;
;;;;;;
;;;;;;
;;;;;;
;;;;;;
;;;;;;
;;;;;;
;;;;;;
;;;;;;
;;;;;;
;;;;;;
;;;;;;
;;;;;;
;;;;;;
;;;;;;
;;;;;;
;;;;;;
;;;;;;
;;;;;;
;;;;;;
;;;;;;
;;;;;;
;;;;;;
;;;;;;
;;;;;;
;;;;;;
;;;;;;
;;;;;;
;;;;;;
;;;;;;
;;;;;;
;;;;;;
;;;;;;
;;;;;;
;;;;;;
;;;;;;
;;;;;;
;;;;;;
;;;;;;
;;;;;;
;;;;;;
;;;;;;
;;;;;;
;;;;;;
;;;;;;
;;;;;;
;;;;;;
;;;;;;
;;;;;;
;;;;;;
;;;;;;
;;;;;;
;;;;;;
;;;;;;
;;;;;;
;;;;;;
;;;;;;
;;;;;;
;;;;;;
;;;;;;
;;;;;;
;;;;;;
;;;;;;
;;;;;;
;;;;;;
;;;;;;
;;;;;;
;;;;;;
;;;;;;
;;;;;;
;;;;;;
;;;;;;
;;;;;;
;;;;;;
;;;;;;
;;;;;;
;;;;;;
;;;;;;
;;;;;;
;;;;;;
;;;;;;
;;;;;;
;;;;;;
;;;;;;
;;;;;;
;;;;;;
;;;;;;
;;;;;;
;;;;;;
;;;;;;
;;;;;;
;;;;;;
;;;;;;
;;;;;;
;;;;;;
;;;;;;
;;;;;;
;;;;;;
;;;;;;
;;;;;;
;;;;;;
;;;;;;
;;;;;;
;;;;;;
;;;;;;
;;;;;;
;;;;;;
;;;;;;
;;;;;;
;;;;;;
;;;;;;
;;;;;;
;;;;;;
;;;;;;
;;;;;;
;;;;;;
;;;;;;
;;;;;;
;;;;;;
;;;;;;
;;;;;;
;;;;;;
;;;;;;
;;;;;;
;;;;;;
;;;;;;
;;;;;;
;;;;;;
;;;;;;
;;;;;;
;;;;;;
;;;;;;
;;;;;;
;;;;;;
;;;;;;
;;;;;;
;;;;;;
;;;;;;
;;;;;;
;;;;;;
;;;;;;
;;;;;;
;;;;;;
;;;;;;
;;;;;;
;;;;;;
;;;;;;
;;;;;;
;;;;;;
;;;;;;
;;;;;;
;;;;;;
;;;;;;
;;;;;;
;;;;;;
;;;;;;
;;;;;;
;;;;;;
;;;;;;
;;;;;;
;;;;;;
;;;;;;
;;;;;;
;;;;;;
;;;;;;
;;;;;;
;;;;;;
;;;;;;
;;;;;;
;;;;;;
;;;;;;
;;;;;;
;;;;;;
;;;;;;
;;;;;;
;;;;;;
;;;;;;
;;;;;;
;;;;;;
;;;;;;
;;;;;;
;;;;;;
;;;;;;
;;;;;;
;;;;;;
;;;;;;
;;;;;;
;;;;;;
;;;;;;
;;;;;;
;;;;;;
;;;;;;
;;;;;;
;;;;;;
;;;;;;
;;;;;;
;;;;;;
;;;;;;
;;;;;;
;;;;;;
;;;;;;
;;;;;;
;;;;;;
;;;;;;
;;;;;;
;;;;;;
;;;;;;
;;;;;;
;;;;;;
;;;;;;
;;;;;;
;;;;;;
;;;;;;
;;;;;;
;;;;;;
;;;;;;
;;;;;;
;;;;;;
;;;;;;
;;;;;;
;;;;;;
;;;;;;
;;;;;;
;;;;;;
;;;;;;
;;;;;;
;;;;;;
;;;;;;
;;;;;;
;;;;;;
;;;;;;
;;;;;;
;;;;;;
;;;;;;
;;;;;;
;;;;;;
;;;;;;
;;;;;;
;;;;;;
;;;;;;
;;;;;;
;;;;;;
;;;;;;
;;;;;;
;;;;;;
;;;;;;
;;;;;;
;;;;;;
;;;;;;
;;;;;;
;;;;;;
;;;;;;
;;;;;;
;;;;;;
;;;;;;
;;;;;;
;;;;;;
;;;;;;
;;;;;;
;;;;;;
;;;;;;
;;;;;;
;;;;;;
;;;;;;
;;;;;;
;;;;;;
;;;;;;
;;;;;;
;;;;;;
;;;;;;
;;;;;;
;;;;;;
;;;;;;
;;;;;;
;;;;;;
;;;;;;
;;;;;;
;;;;;;
;;;;;;
;;;;;;
;;;;;;
;;;;;;
;;;;;;
;;;;;;
;;;;;;
;;;;;;
;;;;;;
;;;;;;
;;;;;;
;;;;;;
;;;;;;
;;;;;;
;;;;;;
;;;;;;
;;;;;;
;;;;;;
;;;;;;
;;;;;;
;;;;;;
;;;;;;
;;;;;;
;;;;;;
;;;;;;
;;;;;;
;;;;;;
;;;;;;
;;;;;;
;;;;;;
;;;;;;
;;;;;;
;;;;;;
;;;;;;
;;;;;;
;;;;;;
;;;;;;
;;;;;;
;;;;;;
;;;;;;
;;;;;;
;;;;;;
;;;;;;
;;;;;;
;;;;;;
;;;;;;
;;;;;;
;;;;;;
;;;;;;
;;;;;;
;;;;;;
;;;;;;
;;;;;;
;;;;;;
;;;;;;
;;;;;;
;;;;;;
;;;;;;
;;;;;;
;;;;;;
;;;;;;
;;;;;;
;;;;;;
;;;;;;
;;;;;;
;;;;;;
;;;;;;
;;;;;;
;;;;;;
;;;;;;
;;;;;;
;;;;;;
;;;;;;
;;;;;;
;;;;;;
;;;;;;
;;;;;;
;;;;;;
;;;;;;
;;;;;;
;;;;;;
;;;;;;
;;;;;;
;;;;;;
;;;;;;
;;;;;;
;;;;;;
;;;;;;
;;;;;;
;;;;;;
;;;;;;
;;;;;;
;;;;;;
;;;;;;
;;;;;;
;;;;;;
;;;;;;
;;;;;;
;;;;;;
;;;;;;
;;;;;;
;;;;;;
;;;;;;
;;;;;;
;;;;;;
;;;;;;
;;;;;;
;;;;;;
;;;;;;
;;;;;;
;;;;;;
;;;;;;
;;;;;;
;;;;;;
;;;;;;
;;;;;;
;;;;;;
;;;;;;
;;;;;;
;;;;;;
;;;;;;
;;;;;;
;;;;;;
;;;;;;
;;;;;;
;;;;;;
;;;;;;
;;;;;;
;;;;;;
;;;;;;
;;;;;;
;;;;;;
;;;;;;
;;;;;;
;;;;;;
;;;;;;
;;;;;;
;;;;;;
;;;;;;
;;;;;;
;;;;;;
;;;;;;
;;;;;;
;;;;;;
;;;;;;
;;;;;;
;;;;;;
;;;;;;
;;;;;;
;;;;;;
;;;;;;
;;;;;;
;;;;;;
;;;;;;
;;;;;;
;;;;;;
;;;;;;
;;;;;;
;;;;;;
;;;;;;
;;;;;;
;;;;;;
;;;;;;
;;;;;;
;;;;;;
;;;;;;
;;;;;;
;;;;;;
;;;;;;
;;;;;;
;;;;;;
;;;;;;
;;;;;;
;;;;;;
;;;;;;
;;;;;;
;;;;;;
;;;;;;
;;;;;;
;;;;;;
;;;;;;
;;;;;;
;;;;;;
;;;;;;
;;;;;;
;;;;;;
;;;;;;
;;;;;;
;;;;;;
;;;;;;
;;;;;;
;;;;;;
;;;;;;
;;;;;;
;;;;;;
;;;;;;
;;;;;;
;;;;;;
;;;;;;
;;;;;;
;;;;;;
;;;;;;
;;;;;;
;;;;;;
;;;;;;
;;;;;;
;;;;;;
;;;;;;
;;;;;;
;;;;;;
;;;;;;
;;;;;;
;;;;;;
;;;;;;
;;;;;;
;;;;;;
;;;;;;
;;;;;;
;;;;;;
;;;;;;
;;;;;;
;;;;;;
;;;;;;
;;;;;;
;;;;;;
;;;;;;
;;;;;;
;;;;;;
;;;;;;
;;;;;;
;;;;;;
;;;;;;
;;;;;;
;;;;;;
;;;;;;
;;;;;;
;;;;;;
;;;;;;
;;;;;;
;;;;;;
;;;;;;
;;;;;;
;;;;;;
;;;;;;
;;;;;;
;;;;;;
;;;;;;
;;;;;;
;;;;;;
;;;;;;
;;;;;;
;;;;;;
;;;;;;
;;;;;;
;;;;;;
;;;;;;
;;;;;;
;;;;;;
;;;;;;
;;;;;;
;;;;;;
;;;;;;
;;;;;;
;;;;;;
;;;;;;
;;;;;;
;;;;;;
;;;;;;
;;;;;;
;;;;;;
;;;;;;
;;;;;;
;;;;;;
;;;;;;
;;;;;;
;;;;;;
;;;;;;
;;;;;;
;;;;;;
;;;;;;
;;;;;;
;;;;;;
;;;;;;
;;;;;;
;;;;;;
;;;;;;
;;;;;;
;;;;;;
;;;;;;
;;;;;;
;;;;;;
;;;;;;
;;;;;;
;;;;;;
;;;;;;
;;;;;;
;;;;;;
;;;;;;
;;;;;;
;;;;;;
;;;;;;
;;;;;;
;;;;;;
;;;;;;
;;;;;;
;;;;;;
;;;;;;
;;;;;;
;;;;;;
;;;;;;
;;;;;;
;;;;;;
;;;;;;
;;;;;;
;;;;;;
;;;;;;
;;;;;;
;;;;;;
;;;;;;
;;;;;;
;;;;;;
;;;;;;
;;;;;;
;;;;;;
;;;;;;
;;;;;;
;;;;;;
;;;;;;
;;;;;;
;;;;;;
;;;;;;
;;;;;;
;;;;;;
;;;;;;
;;;;;;
;;;;;;
;;;;;;
;;;;;;
;;;;;;
;;;;;;
;;;;;;
;;;;;;
;;;;;;
;;;;;;
;;;;;;
;;;;;;
;;;;;;
;;;;;;
;;;;;;
;;;;;;
;;;;;;
;;;;;;
;;;;;;
;;;;;;
;;;;;;
;;;;;;
;;;;;;
;;;;;;
;;;;;;
;;;;;;
;;;;;;
;;;;;;
;;;;;;
;;;;;;
;;;;;;
;;;;;;
;;;;;;
;;;;;;
;;;;;;
;;;;;;
;;;;;;
;;;;;;
;;;;;;
;;;;;;
;;;;;;
;;;;;;
;;;;;;
;;;;;;
;;;;;;
;;;;;;
;;;;;;
;;;;;;
;;;;;;
;;;;;;
;;;;;;
;;;;;;
;;;;;;
;;;;;;
;;;;;;
;;;;;;
;;;;;;
;;;;;;
;;;;;;
;;;;;;
;;;;;;
;;;;;;
;;;;;;
;;;;;;
;;;;;;
;;;;;;
;;;;;;
;;;;;;
;;;;;;
;;;;;;
;;;;;;
;;;;;;
;;;;;;
;;;;;;
;;;;;;
;;;;;;
;;;;;;
;;;;;;
;;;;;;
;;;;;;
;;;;;;
;;;;;;
;;;;;;
;;;;;;
;;;;;;
;;;;;;
;;;;;;
;;;;;;
;;;;;;
;;;;;;
;;;;;;
;;;;;;
;;;;;;
;;;;;;
;;;;;;
;;;;;;
;;;;;;
;;;;;;
;;;;;;
;;;;;;
;;;;;;
;;;;;;
;;;;;;
;;;;;;
;;;;;;
;;;;;;
;;;;;;
;;;;;;
;;;;;;
;;;;;;
;;;;;;
;;;;;;
;;;;;;
;;;;;;
;;;;;;
;;;;;;
;;;;;;
;;;;;;
;;;;;;
;;;;;;
;;;;;;
;;;;;;
;;;;;;
;;;;;;
;;;;;;
;;;;;;
;;;;;;
;;;;;;
;;;;;;
;;;;;;
;;;;;;
;;;;;;
;;;;;;
;;;;;;
;;;;;;
;;;;;;
;;;;;;
;;;;;;
;;;;;;
;;;;;;
;;;;;;
;;;;;;
;;;;;;
;;;;;;
;;;;;;
;;;;;;
;;;;;;
;;;;;;
;;;;;;
;;;;;;
;;;;;;
;;;;;;
;;;;;;
;;;;;;
;;;;;;
;;;;;;
;;;;;;
;;;;;;
;;;;;;
;;;;;;
;;;;;;
;;;;;;
;;;;;;
;;;;;;
;;;;;;
;;;;;;
;;;;;;
;;;;;;
;;;;;;
;;;;;;
;;;;;;
;;;;;;
;;;;;;
;;;;;;
;;;;;;
;;;;;;
;;;;;;
;;;;;;
;;;;;;
;;;;;;
;;;;;;
;;;;;;
;;;;;;
;;;;;;
;;;;;;
;;;;;;
;;;;;;
;;;;;;
;;;;;;
;;;;;;
;;;;;;
;;;;;;
;;;;;;
;;;;;;
;;;;;;
;;;;;;
;;;;;;
;;;;;;
;;;;;;
;;;;;;
;;;;;;
;;;;;;
;;;;;;
;;;;;;
;;;;;;
;;;;;;
;;;;;;
;;;;;;
;;;;;;
;;;;;;
;;;;;;
;;;;;;
;;;;;;
;;;;;;
;;;;;;
;;;;;;
;;;;;;
;;;;;;
;;;;;;
;;;;;;
;;;;;;
;;;;;;
;;;;;;
;;;;;;
;;;;;;
;;;;;;
;;;;;;
;;;;;;
;;;;;;
;;;;;;
;;;;;;
;;;;;;
;;;;;;
;;;;;;
;;;;;;
;;;;;;
;;;;;;
;;;;;;
;;;;;;
;;;;;;
;;;;;;
;;;;;;
;;;;;;
;;;;;;
;;;;;;
;;;;;;
;;;;;;
;;;;;;
;;;;;;
;;;;;;
;;;;;;
;;;;;;
;;;;;;
;;;;;;
;;;;;;
;;;;;;
;;;;;;
;;;;;;
;;;;;;
;;;;;;
;;;;;;
;;;;;;
;;;;;;
;;;;;;
;;;;;;
;;;;;;
;;;;;;
;;;;;;
;;;;;;
;;;;;;
;;;;;;
;;;;;;
;;;;;;
;;;;;;
;;;;;;
;;;;;;
;;;;;;
;;;;;;
;;;;;;
;;;;;;
;;;;;;
;;;;;;
;;;;;;
;;;;;;
;;;;;;
;;;;;;
;;;;;;
;;;;;;
;;;;;;
;;;;;;
;;;;;;
;;;;;;
;;;;;;
;;;;;;
;;;;;;
;;;;;;
;;;;;;
;;;;;;
;;;;;;
;;;;;;
;;;;;;
;;;;;;
;;;;;;
;;;;;;
;;;;;;
;;;;;;
;;;;;;
;;;;;;
;;;;;;
;;;;;;
;;;;;;
;;;;;;
;;;;;;
;;;;;;
;;;;;;
;;;;;;
;;;;;;
;;;;;;
;;;;;;
;;;;;;
;;;;;;
;;;;;;
;;;;;;
;;;;;;
;;;;;;
;;;;;;
;;;;;;
;;;;;;
;;;;;;
;;;;;;
;;;;;;
;;;;;;
;;;;;;
;;;;;;
;;;;;;
;;;;;;
;;;;;;
;;;;;;
;;;;;;
;;;;;;
;;;;;;
;;;;;;
;;;;;;
;;;;;;
;;;;;;
;;;;;;
;;;;;;
;;;;;;
;;;;;;
;;;;;;
;;;;;;
;;;;;;
;;;;;;
;;;;;;
;;;;;;
;;;;;;
;;;;;;
;;;;;;
;;;;;;
;;;;;;
;;;;;;
;;;;;;
;;;;;;
;;;;;;
;;;;;;
;;;;;;
;;;;;;
;;;;;;
;;;;;;
;;;;;;
;;;;;;
;;;;;;
;;;;;;
;;;;;;
;;;;;;
;;;;;;
;;;;;;
;;;;;;
;;;;;;
;;;;;;
;;;;;;
;;;;;;
;;;;;;
;;;;;;
;;;;;;
;;;;;;
;;;;;;
;;;;;;
;;;;;;
;;;;;;
;;;;;;
;;;;;;
;;;;;;
;;;;;;
;;;;;;
;;;;;;
;;;;;;
;;;;;;
;;;;;;
;;;;;;
;;;;;;
;;;;;;
;;;;;;
;;;;;;
;;;;;;
;;;;;;
;;;;;;
;;;;;;
;;;;;;
;;;;;;
;;;;;;
;;;;;;
;;;;;;
;;;;;;
;;;;;;
;;;;;;
;;;;;;
;;;;;;
;;;;;;
;;;;;;
;;;;;;
;;;;;;
;;;;;;
;;;;;;
;;;;;;
;;;;;;
;;;;;;
;;;;;;
;;;;;;
;;;;;;
;;;;;;
;;;;;;
;;;;;;
;;;;;;
;;;;;;
;;;;;;
;;;;;;
;;;;;;
;;;;;;
;;;;;;
;;;;;;
;;;;;;
;;;;;;
;;;;;;
;;;;;;
;;;;;;
;;;;;;
;;;;;;
;;;;;;
;;;;;;
;;;;;;
;;;;;;
;;;;;;
;;;;;;
;;;;;;
;;;;;;
;;;;;;
;;;;;;
;;;;;;
;;;;;;
;;;;;;
;;;;;;
;;;;;;
;;;;;;
;;;;;;
;;;;;;
;;;;;;
;;;;;;
;;;;;;
;;;;;;
;;;;;;
;;;;;;
;;;;;;
;;;;;;
;;;;;;
;;;;;;
;;;;;;
;;;;;;
;;;;;;
;;;;;;
;;;;;;
;;;;;;
;;;;;;
;;;;;;
;;;;;;
;;;;;;
;;;;;;
;;;;;;
;;;;;;
;;;;;;
;;;;;;
;;;;;;
;;;;;;
;;;;;;
;;;;;;
;;;;;;
;;;;;;
;;;;;;
;;;;;;
;;;;;;
;;;;;;
;;;;;;
;;;;;;
;;;;;;
;;;;;;
;;;;;;
;;;;;;
;;;;;;
;;;;;;
;;;;;;
;;;;;;
;;;;;;
;;;;;;
;;;;;;
;;;;;;
;;;;;;
;;;;;;
;;;;;;
;;;;;;
;;;;;;
;;;;;;
;;;;;;
;;;;;;
;;;;;;
;;;;;;
;;;;;;
;;;;;;
;;;;;;
;;;;;;
;;;;;;
;;;;;;
;;;;;;
;;;;;;
;;;;;;
;;;;;;
;;;;;;
;;;;;;
;;;;;;
;;;;;;
;;;;;;
;;;;;;
;;;;;;
;;;;;;
;;;;;;
;;;;;;
;;;;;;
;;;;;;
;;;;;;
;;;;;;
;;;;;;
;;;;;;
;;;;;;
;;;;;;
;;;;;;
;;;;;;
;;;;;;
;;;;;;
;;;;;;
;;;;;;
;;;;;;
;;;;;;
;;;;;;
;;;;;;
;;;;;;
;;;;;;
;;;;;;
;;;;;;
;;;;;;
;;;;;;
;;;;;;
;;;;;;
;;;;;;
;;;;;;
;;;;;;
;;;;;;
;;;;;;
;;;;;;
;;;;;;
;;;;;;
;;;;;;
;;;;;;
;;;;;;
;;;;;;
;;;;;;
;;;;;;
;;;;;;
;;;;;;
;;;;;;
;;;;;;
;;;;;;
;;;;;;
;;;;;;
;;;;;;
;;;;;;
;;;;;;
;;;;;;
;;;;;;
;;;;;;
;;;;;;
;;;;;;
;;;;;;
;;;;;;
;;;;;;
;;;;;;
;;;;;;
;;;;;;
;;;;;;
;;;;;;
;;;;;;
;;;;;;
;;;;;;
;;;;;;
;;;;;;
;;;;;;
;;;;;;
;;;;;;
;;;;;;
;;;;;;
;;;;;;
;;;;;;
;;;;;;
;;;;;;
;;;;;;
;;;;;;
;;;;;;
;;;;;;
;;;;;;
;;;;;;
;;;;;;
;;;;;;
;;;;;;
;;;;;;
;;;;;;
;;;;;;
;;;;;;
;;;;;;
;;;;;;
;;;;;;
;;;;;;
;;;;;;
;;;;;;
;;;;;;
;;;;;;
;;;;;;
;;;;;;
;;;;;;
;;;;;;
;;;;;;
;;;;;;
;;;;;;
;;;;;;
;;;;;;
;;;;;;
;;;;;;
;;;;;;
;;;;;;
;;;;;;
;;;;;;
;;;;;;
;;;;;;
;;;;;;
;;;;;;
;;;;;;
;;;;;;
;;;;;;
;;;;;;
;;;;;;
;;;;;;
;;;;;;
;;;;;;
;;;;;;
;;;;;;
;;;;;;
;;;;;;
;;;;;;
;;;;;;
;;;;;;
;;;;;;
;;;;;;
;;;;;;
;;;;;;
;;;;;;
;;;;;;
;;;;;;
;;;;;;
;;;;;;
;;;;;;
;;;;;;
;;;;;;
;;;;;;
;;;;;;
;;;;;;
;;;;;;
;;;;;;
;;;;;;
;;;;;;
;;;;;;
;;;;;;
;;;;;;
;;;;;;
;;;;;;
;;;;;;
;;;;;;
;;;;;;
;;;;;;
;;;;;;
;;;;;;
;;;;;;
;;;;;;
;;;;;;
;;;;;;
;;;;;;
;;;;;;
;;;;;;
;;;;;;
;;;;;;
;;;;;;
;;;;;;
;;;;;;
;;;;;;
;;;;;;
;;;;;;
;;;;;;
;;;;;;
;;;;;;
;;;;;;
;;;;;;
;;;;;;
;;;;;;
;;;;;;
;;;;;;
;;;;;;
;;;;;;
;;;;;;
;;;;;;
;;;;;;
;;;;;;
;;;;;;
;;;;;;
;;;;;;
;;;;;;
;;;;;;
;;;;;;
;;;;;;
;;;;;;
;;;;;;
;;;;;;
;;;;;;
;;;;;;
;;;;;;
;;;;;;
;;;;;;
;;;;;;
;;;;;;
;;;;;;
;;;;;;
;;;;;;
;;;;;;
;;;;;;
;;;;;;
;;;;;;
;;;;;;
;;;;;;
;;;;;;
;;;;;;
;;;;;;
;;;;;;
;;;;;;
;;;;;;
;;;;;;
;;;;;;
;;;;;;
;;;;;;
;;;;;;
;;;;;;
;;;;;;
;;;;;;
;;;;;;
;;;;;;
;;;;;;
;;;;;;
;;;;;;
;;;;;;
;;;;;;
;;;;;;
;;;;;;
;;;;;;
;;;;;;
;;;;;;
;;;;;;
;;;;;;
;;;;;;
;;;;;;
;;;;;;
;;;;;;
;;;;;;
;;;;;;
;;;;;;
;;;;;;
;;;;;;
;;;;;;
;;;;;;
;;;;;;
;;;;;;
;;;;;;
;;;;;;
;;;;;;
;;;;;;
;;;;;;
;;;;;;
;;;;;;
;;;;;;
;;;;;;
;;;;;;
;;;;;;
;;;;;;
;;;;;;
;;;;;;
;;;;;;
;;;;;;
;;;;;;
;;;;;;
;;;;;;
;;;;;;
;;;;;;
;;;;;;
;;;;;;
;;;;;;
;;;;;;
;;;;;;
;;;;;;
;;;;;;
;;;;;;
;;;;;;
;;;;;;
;;;;;;
;;;;;;
;;;;;;
;;;;;;
;;;;;;
;;;;;;
;;;;;;
;;;;;;
;;;;;;
;;;;;;
;;;;;;
;;;;;;
;;;;;;
;;;;;;
;;;;;;
;;;;;;
;;;;;;
;;;;;;
;;;;;;
;;;;;;
;;;;;;
;;;;;;
;;;;;;
;;;;;;
;;;;;;
;;;;;;
;;;;;;
;;;;;;
;;;;;;
;;;;;;
;;;;;;
;;;;;;
;;;;;;
;;;;;;
;;;;;;
;;;;;;
;;;;;;
;;;;;;
;;;;;;
;;;;;;
;;;;;;
;;;;;;
;;;;;;
;;;;;;
;;;;;;
;;;;;;
;;;;;;
;;;;;;
;;;;;;
;;;;;;
;;;;;;
;;;;;;
;;;;;;
;;;;;;
;;;;;;
;;;;;;
;;;;;;
;;;;;;
;;;;;;
;;;;;;
;;;;;;
;;;;;;
;;;;;;
;;;;;;
;;;;;;
;;;;;;
;;;;;;
;;;;;;
;;;;;;
;;;;;;
;;;;;;
;;;;;;
;;;;;;
;;;;;;
;;;;;;
;;;;;;
;;;;;;
;;;;;;
;;;;;;
;;;;;;
;;;;;;
;;;;;;
;;;;;;
;;;;;;
;;;;;;
;;;;;;
;;;;;;
;;;;;;
;;;;;;
;;;;;;
;;;;;;
;;;;;;
;;;;;;
;;;;;;
;;;;;;
;;;;;;
;;;;;;
;;;;;;
;;;;;;
;;;;;;
;;;;;;
;;;;;;
;;;;;;
;;;;;;
;;;;;;
;;;;;;
;;;;;;
;;;;;;
;;;;;;
;;;;;;
;;;;;;
;;;;;;
;;;;;;
;;;;;;
;;;;;;
;;;;;;
;;;;;;
;;;;;;
;;;;;;
;;;;;;
;;;;;;
;;;;;;
;;;;;;
;;;;;;
;;;;;;
;;;;;;
;;;;;;
;;;;;;
;;;;;;
;;;;;;
;;;;;;
;;;;;;
;;;;;;
;;;;;;
;;;;;;
;;;;;;
;;;;;;
;;;;;;
;;;;;;
;;;;;;
;;;;;;
;;;;;;
;;;;;;
;;;;;;
;;;;;;
;;;;;;
;;;;;;
;;;;;;
;;;;;;
;;;;;;
;;;;;;
;;;;;;
;;;;;;
;;;;;;
;;;;;;
;;;;;;
;;;;;;
;;;;;;
;;;;;;
;;;;;;
;;;;;;
;;;;;;
;;;;;;
;;;;;;
;;;;;;
;;;;;;
;;;;;;
;;;;;;
;;;;;;
;;;;;;
;;;;;;
;;;;;;
;;;;;;
;;;;;;
;;;;;;
;;;;;;
;;;;;;
;;;;;;
;;;;;;
;;;;;;
;;;;;;
;;;;;;
;;;;;;
;;;;;;
;;;;;;
;;;;;;
;;;;;;
;;;;;;
;;;;;;
;;;;;;
;;;;;;
;;;;;;
;;;;;;
;;;;;;
;;;;;;
;;;;;;
;;;;;;
;;;;;;
;;;;;;
;;;;;;
;;;;;;
;;;;;;
;;;;;;
;;;;;;
;;;;;;
;;;;;;
;;;;;;
;;;;;;
;;;;;;
;;;;;;
;;;;;;
;;;;;;
;;;;;;
;;;;;;
;;;;;;
;;;;;;
;;;;;;
;;;;;;
;;;;;;
;;;;;;
;;;;;;
;;;;;;
;;;;;;
;;;;;;
;;;;;;
;;;;;;
;;;;;;
;;;;;;
;;;;;;
;;;;;;
;;;;;;
;;;;;;
;;;;;;
;;;;;;
;;;;;;
;;;;;;
;;;;;;
;;;;;;
;;;;;;
;;;;;;
;;;;;;
;;;;;;
;;;;;;
;;;;;;
;;;;;;
;;;;;;
;;;;;;
;;;;;;
;;;;;;
;;;;;;
;;;;;;
;;;;;;
;;;;;;
;;;;;;
;;;;;;
;;;;;;
;;;;;;
;;;;;;
;;;;;;
;;;;;;
;;;;;;
;;;;;;
;;;;;;
;;;;;;
;;;;;;
;;;;;;
;;;;;;
;;;;;;
;;;;;;
;;;;;;
;;;;;;
;;;;;;
;;;;;;
;;;;;;
;;;;;;
;;;;;;
;;;;;;
;;;;;;
;;;;;;
;;;;;;
;;;;;;
;;;;;;
;;;;;;
;;;;;;
;;;;;;
;;;;;;
;;;;;;
;;;;;;
;;;;;;
;;;;;;
;;;;;;
;;;;;;
;;;;;;
;;;;;;
;;;;;;
;;;;;;
;;;;;;
;;;;;;
;;;;;;
;;;;;;
;;;;;;
;;;;;;
;;;;;;
;;;;;;
;;;;;;
;;;;;;
;;;;;;
;;;;;;
;;;;;;
;;;;;;
;;;;;;
;;;;;;
;;;;;;
;;;;;;
;;;;;;
;;;;;;
;;;;;;
;;;;;;
;;;;;;
;;;;;;
;;;;;;
;;;;;;
;;;;;;
;;;;;;
;;;;;;
;;;;;;
;;;;;;
;;;;;;
;;;;;;
